gene,variant,pathogenicity,uniprot_id,stability_WT,stability_MUT,blosum,hydrophobicity_WT,hydrophobicity_MUT,volume_WT,volume_MUT,plddt_residue,secondary_structure,sequence_length,protein_contain_transmembrane,is_residue_transmembranal,aa_WT,aa_MUT,stability_delta,hydrophobicity_delta,volume_delta,oda_WT,oda_MUT,sasa_WT,sasa_MUT,RSA_WT,RSA_MUT,oda_delta,sasa_delta,pssm,entropy,position
FGFR1,M1K,benign,P11362,552.927,552.953,-1,1.9,-3.9,162.9,168.6,44.31,Loop,822,True,False,M,K,0.026,-5.8,5.7,-68.0,-58.75,241.0,250.71,1.187192118,1.090043478,9.25,9.71,5.564,0.743,1
FGFR1,M1T,benign,P11362,552.927,552.962,-1,1.9,-0.7,162.9,116.1,44.31,Loop,822,True,False,M,T,0.035,-2.6,-46.8,-68.0,-67.14,241.0,184.94,1.187192118,1.134601227,0.86,-56.06,5.564,0.743,1
FGFR1,W2C,benign,P11362,551.939,552.208,-2,-0.9,2.5,227.8,108.5,51.08,Loop,822,True,False,W,C,0.269,3.4,-119.3,-89.22,-72.79,236.32,105.99,0.895151515,0.716148649,16.43,-130.33,5.581,1.881,2
FGFR1,W2E,benign,P11362,551.939,551.867,-3,-0.9,-3.5,227.8,138.4,51.08,Loop,822,True,False,W,E,-0.072,-2.6,-89.4,-89.22,-69.67,236.32,136.19,0.895151515,0.636401869,19.55,-100.13,5.581,1.881,2
FGFR1,W2K,benign,P11362,551.939,552.059,-3,-0.9,-3.9,227.8,168.6,51.08,Loop,822,True,False,W,K,0.12,-3.0,-59.2,-89.22,-67.5,236.32,159.56,0.895151515,0.69373913,21.72,-76.76,5.581,1.881,2
FGFR1,S3A,benign,P11362,550.461,550.897,1,-0.8,1.8,89.0,88.6,64.23,Loop,822,True,False,S,A,0.436,2.6,-0.4,-82.84,-76.95,62.62,66.76,0.437902098,0.551735537,5.89,4.14,3.907,1.52,3
FGFR1,S3G,benign,P11362,550.461,551.442,0,-0.8,-0.4,89.0,60.1,64.23,Loop,822,True,False,S,G,0.981,0.4,-28.9,-82.84,-75.65,62.62,47.08,0.437902098,0.485360825,7.19,-15.54,3.907,1.52,3
FGFR1,W4F,benign,P11362,550.686,550.106,1,-0.9,2.8,227.8,189.9,59.33,Loop,822,True,False,W,F,-0.58,3.7,-37.9,-93.9,-78.77,199.24,143.75,0.75469697,0.630482456,15.13,-55.49,6.354,1.056,4
FGFR1,W4L,benign,P11362,550.686,550.738,-2,-0.9,3.8,227.8,166.7,59.33,Loop,822,True,False,W,L,0.052,4.7,-61.1,-93.9,-73.0,199.24,106.91,0.75469697,0.55973822,20.9,-92.33,6.354,1.056,4
FGFR1,W4R,benign,P11362,550.686,551.469,-3,-0.9,-4.5,227.8,173.4,59.33,Loop,822,True,False,W,R,0.783,-3.6,-54.4,-93.9,-65.47,199.24,181.17,0.75469697,0.683660377,28.43,-18.07,6.354,1.056,4
FGFR1,K5E,benign,P11362,549.67,550.042,1,-3.9,-3.5,168.6,138.4,65.74,Loop,822,True,False,K,E,0.372,0.4,-30.2,-74.24,-68.27,157.78,119.33,0.686,0.557616822,5.97,-38.45,3.658,2.218,5
FGFR1,K5N,benign,P11362,549.67,550.015,0,-3.9,-3.5,168.6,114.1,65.74,Loop,822,True,False,K,N,0.345,0.4,-54.5,-74.24,-67.94,157.78,107.87,0.686,0.57684492,6.3,-49.91,3.658,2.218,5
FGFR1,K5R,benign,P11362,549.67,549.759,2,-3.9,-4.5,168.6,173.4,65.74,Loop,822,True,False,K,R,0.089,-0.6,4.8,-74.24,-65.02,157.78,188.15,0.686,0.71,9.22,30.37,3.658,2.218,5
FGFR1,K5S,benign,P11362,549.67,550.36,0,-3.9,-0.8,168.6,89.0,65.74,Loop,822,True,False,K,S,0.69,3.1,-79.6,-74.24,-68.69,157.78,74.73,0.686,0.522587413,5.55,-83.05,3.658,2.218,5
FGFR1,C6G,benign,P11362,552.655,552.182,-3,2.5,-0.4,108.5,60.1,62.15,Loop,822,True,False,C,G,-0.473,-2.9,-48.4,-89.05,-82.3,61.37,11.21,0.414662162,0.11556701,6.75,-50.16,5.513,2.05,6
FGFR1,C6I,benign,P11362,552.655,551.219,-1,2.5,4.5,108.5,166.7,62.15,Loop,822,True,False,C,I,-1.436,2.0,58.2,-89.05,-82.03,61.37,64.25,0.414662162,0.329487179,7.02,2.88,5.513,2.05,6
FGFR1,C6L,benign,P11362,552.655,551.325,-1,2.5,3.8,108.5,166.7,62.15,Loop,822,True,False,C,L,-1.33,1.3,58.2,-89.05,-86.2,61.37,79.46,0.414662162,0.416020942,2.85,18.09,5.513,2.05,6
FGFR1,C6N,benign,P11362,552.655,552.064,-3,2.5,-3.5,108.5,114.1,62.15,Loop,822,True,False,C,N,-0.591,-6.0,5.6,-89.05,-79.3,61.37,71.48,0.414662162,0.382245989,9.75,10.11,5.513,2.05,6
FGFR1,C6S,benign,P11362,552.655,552.183,-1,2.5,-0.8,108.5,89.0,62.15,Loop,822,True,False,C,S,-0.472,-3.3,-19.5,-89.05,-85.78,61.37,34.47,0.414662162,0.241048951,3.27,-26.9,5.513,2.05,6
FGFR1,C6T,benign,P11362,552.655,552.152,-1,2.5,-0.7,108.5,116.1,62.15,Loop,822,True,False,C,T,-0.503,-3.2,7.6,-89.05,-86.8,61.37,39.9,0.414662162,0.244785276,2.25,-21.47,5.513,2.05,6
FGFR1,C6Y,benign,P11362,552.655,551.718,-2,2.5,-1.3,108.5,193.6,62.15,Loop,822,True,False,C,Y,-0.937,-3.8,85.1,-89.05,-84.74,61.37,95.54,0.414662162,0.374666667,4.31,34.17,5.513,2.05,6
FGFR1,L7I,benign,P11362,550.824,550.72,2,3.8,4.5,166.7,166.7,59.73,Loop,822,True,False,L,I,-0.104,0.7,0.0,-117.6,-108.5,137.12,96.15,0.717905759,0.493076923,9.1,-40.97,3.662,1.308,7
FGFR1,L7M,benign,P11362,550.824,550.716,2,3.8,1.9,166.7,162.9,59.73,Loop,822,True,False,L,M,-0.108,-1.9,-3.8,-117.6,-107.9,137.12,113.45,0.717905759,0.558866995,9.7,-23.67,3.662,1.308,7
FGFR1,L7R,benign,P11362,550.824,551.118,-2,3.8,-4.5,166.7,173.4,59.73,Loop,822,True,False,L,R,0.294,-8.3,6.7,-117.6,-106.4,137.12,142.27,0.717905759,0.536867925,11.2,5.15,3.662,1.308,7
FGFR1,L8G,benign,P11362,549.725,551.65,-4,3.8,-0.4,166.7,60.1,64.84,Loop,822,True,False,L,G,1.925,-4.2,-106.6,-103.9,-95.75,101.42,42.27,0.530994764,0.435773196,8.15,-59.15,3.221,1.896,8
FGFR1,L8H,benign,P11362,549.725,551.169,-3,3.8,-3.2,166.7,153.2,64.84,Loop,822,True,False,L,H,1.444,-7.0,-13.5,-103.9,-95.45,101.42,118.86,0.530994764,0.550277778,8.45,17.44,3.221,1.896,8
FGFR1,L8I,benign,P11362,549.725,550.168,2,3.8,4.5,166.7,166.7,64.84,Loop,822,True,False,L,I,0.443,0.7,0.0,-103.9,-95.22,101.42,78.46,0.530994764,0.402358974,8.68,-22.96,3.221,1.896,8
FGFR1,L8V,benign,P11362,549.725,550.821,1,3.8,4.2,166.7,140.0,64.84,Loop,822,True,False,L,V,1.096,0.4,-26.7,-103.9,-95.63,101.42,70.36,0.530994764,0.426424242,8.27,-31.06,3.221,1.896,8
FGFR1,F9L,benign,P11362,549.78,549.625,0,2.8,3.8,189.9,166.7,65.67,Loop,822,True,False,F,L,-0.155,1.0,-23.2,-74.45,-67.3,143.53,95.58,0.629517544,0.500418848,7.15,-47.95,5.083,1.945,9
FGFR1,F9M,benign,P11362,549.78,549.16,0,2.8,1.9,189.9,162.9,65.67,Loop,822,True,False,F,M,-0.62,-0.9,-27.0,-74.45,-66.33,143.53,81.99,0.629517544,0.403891626,8.12,-61.54,5.083,1.945,9
FGFR1,F9S,benign,P11362,549.78,549.885,-2,2.8,-0.8,189.9,89.0,65.67,Loop,822,True,False,F,S,0.105,-3.6,-100.9,-74.45,-64.29,143.53,62.76,0.629517544,0.438881119,10.16,-80.77,5.083,1.945,9
FGFR1,F9V,benign,P11362,549.78,550.585,-1,2.8,4.2,189.9,140.0,65.67,Loop,822,True,False,F,V,0.805,1.4,-49.9,-74.45,-65.84,143.53,96.88,0.629517544,0.587151515,8.61,-46.65,5.083,1.945,9
FGFR1,W10A,benign,P11362,551.351,551.98,-3,-0.9,1.8,227.8,88.6,60.8,Loop,822,True,False,W,A,0.629,2.7,-139.2,-105.0,-93.06,177.94,58.71,0.674015152,0.485206612,11.94,-119.23,5.772,1.433,10
FGFR1,W10P,benign,P11362,551.351,555.174,-4,-0.9,-1.6,227.8,112.7,60.8,Loop,822,True,False,W,P,3.823,-0.7,-115.1,-105.0,-96.47,177.94,71.54,0.674015152,0.464545455,8.53,-106.4,5.772,1.433,10
FGFR1,A11E,benign,P11362,552.315,552.181,-1,1.8,-3.5,88.6,138.4,61.03,Loop,822,True,False,A,E,-0.134,-5.3,49.8,-111.0,-107.4,53.77,101.77,0.444380165,0.475560748,3.6,48.0,4.021,1.638,11
FGFR1,A11G,benign,P11362,552.315,553.229,0,1.8,-0.4,88.6,60.1,61.03,Loop,822,True,False,A,G,0.914,-2.2,-28.5,-111.0,-107.1,53.77,38.21,0.444380165,0.393917526,3.9,-15.56,4.021,1.638,11
FGFR1,A11N,benign,P11362,552.315,552.237,-2,1.8,-3.5,88.6,114.1,61.03,Loop,822,True,False,A,N,-0.078,-5.3,25.5,-111.0,-109.5,53.77,80.0,0.444380165,0.427807487,1.5,26.23,4.021,1.638,11
FGFR1,A11R,benign,P11362,552.315,552.073,-1,1.8,-4.5,88.6,173.4,61.03,Loop,822,True,False,A,R,-0.242,-6.3,84.8,-111.0,-112.6,53.77,155.24,0.444380165,0.585811321,-1.6,101.47,4.021,1.638,11
FGFR1,V12L,benign,P11362,550.974,550.851,1,4.2,3.8,140.0,166.7,63.76,Loop,822,True,False,V,L,-0.123,-0.4,26.7,-89.8,-86.72,96.86,96.79,0.587030303,0.506753927,3.08,-0.07,4.175,1.196,12
FGFR1,V12Q,benign,P11362,550.974,550.946,-2,4.2,-3.5,140.0,143.8,63.76,Loop,822,True,False,V,Q,-0.028,-7.7,3.8,-89.8,-81.14,96.86,102.78,0.587030303,0.480280374,8.66,5.92,4.175,1.196,12
FGFR1,V12S,benign,P11362,550.974,551.144,-2,4.2,-0.8,140.0,89.0,63.76,Loop,822,True,False,V,S,0.17,-5.0,-51.0,-89.8,-96.7,96.86,56.8,0.587030303,0.397202797,-6.9,-40.06,4.175,1.196,12
FGFR1,L13G,benign,P11362,552.051,553.657,-4,3.8,-0.4,166.7,60.1,56.27,Loop,822,True,False,L,G,1.606,-4.2,-106.6,-83.26,-99.12,80.51,29.11,0.421518325,0.300103093,-15.86,-51.4,3.39,1.627,13
FGFR1,L13S,benign,P11362,552.051,553.148,-2,3.8,-0.8,166.7,89.0,56.27,Loop,822,True,False,L,S,1.097,-4.6,-77.7,-83.26,-98.16,80.51,45.14,0.421518325,0.315664336,-14.9,-35.37,3.39,1.627,13
FGFR1,L13T,benign,P11362,552.051,553.36,-1,3.8,-0.7,166.7,116.1,56.27,Loop,822,True,False,L,T,1.309,-4.5,-50.6,-83.26,-96.38,80.51,44.9,0.421518325,0.275460123,-13.12,-35.61,3.39,1.627,13
FGFR1,V14A,benign,P11362,552.575,552.43,0,4.2,1.8,140.0,88.6,57.44,Loop,822,True,False,V,A,-0.145,-2.4,-51.4,-113.2,-111.2,79.07,53.33,0.479212121,0.440743802,2.0,-25.74,3.655,1.481,14
FGFR1,V14F,benign,P11362,552.575,552.376,-1,4.2,2.8,140.0,189.9,57.44,Loop,822,True,False,V,F,-0.199,-1.4,49.9,-113.2,-122.7,79.07,119.6,0.479212121,0.524561404,-9.5,40.53,3.655,1.481,14
FGFR1,V14G,benign,P11362,552.575,553.103,-3,4.2,-0.4,140.0,60.1,57.44,Loop,822,True,False,V,G,0.528,-4.6,-79.9,-113.2,-107.0,79.07,34.36,0.479212121,0.354226804,6.2,-44.71,3.655,1.481,14
FGFR1,V14R,benign,P11362,552.575,552.366,-3,4.2,-4.5,140.0,173.4,57.44,Loop,822,True,False,V,R,-0.209,-8.7,33.4,-113.2,-109.2,79.07,158.44,0.479212121,0.597886792,4.0,79.37,3.655,1.481,14
FGFR1,V14Y,benign,P11362,552.575,552.46,-1,4.2,-1.3,140.0,193.6,57.44,Loop,822,True,False,V,Y,-0.115,-5.5,53.6,-113.2,-116.7,79.07,132.82,0.479212121,0.520862745,-3.5,53.75,3.655,1.481,14
FGFR1,T15D,benign,P11362,551.805,551.534,-1,-0.7,-3.5,116.1,111.1,52.0,Loop,822,True,False,T,D,-0.271,-2.8,-5.0,-108.2,-104.2,94.82,104.6,0.581717791,0.559358289,4.0,9.78,3.937,2.136,15
FGFR1,T15P,benign,P11362,551.805,552.574,-1,-0.7,-1.6,116.1,112.7,52.0,Loop,822,True,False,T,P,0.769,-0.9,-3.4,-108.2,-108.3,94.82,83.29,0.581717791,0.540844156,-0.1,-11.53,3.937,2.136,15
FGFR1,T15R,benign,P11362,551.805,550.376,-1,-0.7,-4.5,116.1,173.4,52.0,Loop,822,True,False,T,R,-1.429,-3.8,57.3,-108.2,-104.6,94.82,169.69,0.581717791,0.640339623,3.6,74.87,3.937,2.136,15
FGFR1,T15V,benign,P11362,551.805,551.364,0,-0.7,4.2,116.1,140.0,52.0,Loop,822,True,False,T,V,-0.441,4.9,23.9,-108.2,-108.0,94.82,98.13,0.581717791,0.594727273,0.2,3.31,3.937,2.136,15
FGFR1,A16E,benign,P11362,550.959,550.968,-1,1.8,-3.5,88.6,138.4,50.33,Loop,822,True,False,A,E,0.009,-5.3,49.8,-89.56,-81.32,52.65,107.49,0.435123967,0.50228972,8.24,54.84,4.604,0.887,16
FGFR1,A16F,benign,P11362,550.959,550.656,-2,1.8,2.8,88.6,189.9,50.33,Loop,822,True,False,A,F,-0.303,1.0,101.3,-89.56,-95.91,52.65,128.88,0.435123967,0.565263158,-6.35,76.23,4.604,0.887,16
FGFR1,A16S,benign,P11362,550.959,550.977,1,1.8,-0.8,88.6,89.0,50.33,Loop,822,True,False,A,S,0.018,-2.6,0.4,-89.56,-87.14,52.65,54.85,0.435123967,0.383566434,2.42,2.2,4.604,0.887,16
FGFR1,T17A,benign,P11362,551.438,551.269,0,-0.7,1.8,116.1,88.6,46.56,Loop,822,True,False,T,A,-0.169,2.5,-27.5,-86.64,-89.16,80.97,68.23,0.496748466,0.563884298,-2.52,-12.74,4.265,1.755,17
FGFR1,T17C,benign,P11362,551.438,550.403,-1,-0.7,2.5,116.1,108.5,46.56,Loop,822,True,False,T,C,-1.035,3.2,-7.6,-86.64,-87.94,80.97,77.43,0.496748466,0.523175676,-1.3,-3.54,4.265,1.755,17
FGFR1,T17G,benign,P11362,551.438,550.816,-2,-0.7,-0.4,116.1,60.1,46.56,Loop,822,True,False,T,G,-0.622,0.3,-56.0,-86.64,-88.65,80.97,46.65,0.496748466,0.480927835,-2.01,-34.32,4.265,1.755,17
FGFR1,T17S,benign,P11362,551.438,550.783,1,-0.7,-0.8,116.1,89.0,46.56,Loop,822,True,False,T,S,-0.655,-0.1,-27.1,-86.64,-86.03,80.97,70.28,0.496748466,0.491468531,0.61,-10.69,4.265,1.755,17
FGFR1,L18E,benign,P11362,552.283,552.498,-3,3.8,-3.5,166.7,138.4,40.86,Loop,822,True,False,L,E,0.215,-7.3,-28.3,-112.9,-91.49,150.87,140.96,0.789895288,0.658691589,21.41,-9.91,3.95,0.877,18
FGFR1,L18P,benign,P11362,552.283,552.644,-3,3.8,-1.6,166.7,112.7,40.86,Loop,822,True,False,L,P,0.361,-5.4,-54.0,-112.9,-111.6,150.87,98.39,0.789895288,0.638896104,1.3,-52.48,3.95,0.877,18
FGFR1,L18Y,benign,P11362,552.283,552.17,-1,3.8,-1.3,166.7,193.6,40.86,Loop,822,True,False,L,Y,-0.113,-5.1,26.9,-112.9,-119.0,150.87,174.26,0.789895288,0.683372549,-6.1,23.39,3.95,0.877,18
FGFR1,C19G,benign,P11362,552.787,552.915,-3,2.5,-0.4,108.5,60.1,44.11,Loop,822,True,False,C,G,0.128,-2.9,-48.4,-54.1,-54.67,107.95,62.67,0.729391892,0.646082474,-0.57,-45.28,5.205,1.619,19
FGFR1,C19K,benign,P11362,552.787,551.738,-3,2.5,-3.9,108.5,168.6,44.11,Loop,822,True,False,C,K,-1.049,-6.4,60.1,-54.1,-69.83,107.95,157.86,0.729391892,0.686347826,-15.73,49.91,5.205,1.619,19
FGFR1,C19L,benign,P11362,552.787,552.656,-1,2.5,3.8,108.5,166.7,44.11,Loop,822,True,False,C,L,-0.131,1.3,58.2,-54.1,-71.66,107.95,141.34,0.729391892,0.74,-17.56,33.39,5.205,1.619,19
FGFR1,C19M,benign,P11362,552.787,552.698,-1,2.5,1.9,108.5,162.9,44.11,Loop,822,True,False,C,M,-0.089,-0.6,54.4,-54.1,-70.98,107.95,146.22,0.729391892,0.720295567,-16.88,38.27,5.205,1.619,19
FGFR1,T20A,benign,P11362,552.26,552.272,0,-0.7,1.8,116.1,88.6,36.59,Loop,822,True,False,T,A,0.012,2.5,-27.5,-44.69,-44.5,114.07,84.05,0.699815951,0.694628099,0.19,-30.02,3.793,2.15,20
FGFR1,T20G,benign,P11362,552.26,552.625,-2,-0.7,-0.4,116.1,60.1,36.59,Loop,822,True,False,T,G,0.365,0.3,-56.0,-44.69,-44.01,114.07,65.95,0.699815951,0.679896907,0.68,-48.12,3.793,2.15,20
FGFR1,T20K,benign,P11362,552.26,551.928,-1,-0.7,-3.9,116.1,168.6,36.59,Loop,822,True,False,T,K,-0.332,-3.2,52.5,-44.69,-41.34,114.07,175.59,0.699815951,0.763434783,3.35,61.52,3.793,2.15,20
FGFR1,T20L,benign,P11362,552.26,552.491,-1,-0.7,3.8,116.1,166.7,36.59,Loop,822,True,False,T,L,0.231,4.5,50.6,-44.69,-46.13,114.07,147.38,0.699815951,0.771623037,-1.44,33.31,3.793,2.15,20
FGFR1,T20M,benign,P11362,552.26,551.868,-1,-0.7,1.9,116.1,162.9,36.59,Loop,822,True,False,T,M,-0.392,2.6,46.8,-44.69,-42.36,114.07,131.79,0.699815951,0.649211823,2.33,17.72,3.793,2.15,20
FGFR1,T20P,benign,P11362,552.26,554.992,-1,-0.7,-1.6,116.1,112.7,36.59,Loop,822,True,False,T,P,2.732,-0.9,-3.4,-44.69,-44.89,114.07,88.63,0.699815951,0.575519481,-0.2,-25.44,3.793,2.15,20
FGFR1,T20S,benign,P11362,552.26,552.184,1,-0.7,-0.8,116.1,89.0,36.59,Loop,822,True,False,T,S,-0.076,-0.1,-27.1,-44.69,-42.78,114.07,90.96,0.699815951,0.636083916,1.91,-23.11,3.793,2.15,20
FGFR1,A21L,benign,P11362,553.056,553.137,-1,1.8,3.8,88.6,166.7,38.74,Loop,822,True,False,A,L,0.081,2.0,78.1,-48.26,-52.14,93.69,155.06,0.774297521,0.811832461,-3.88,61.37,4.619,0.809,21
FGFR1,A21W,benign,P11362,553.056,552.757,-3,1.8,-0.9,88.6,227.8,38.74,Loop,822,True,False,A,W,-0.299,-2.7,139.2,-48.26,-61.5,93.69,208.04,0.774297521,0.788030303,-13.24,114.35,4.619,0.809,21
FGFR1,R22A,benign,P11362,552.573,553.171,-1,-4.5,1.8,173.4,88.6,33.08,Loop,822,True,False,R,A,0.598,6.3,-84.8,-21.77,-42.05,237.83,104.31,0.897471698,0.862066116,-20.28,-133.52,4.858,0.786,22
FGFR1,R22G,benign,P11362,552.573,553.213,-2,-4.5,-0.4,173.4,60.1,33.08,Loop,822,True,False,R,G,0.64,4.1,-113.3,-21.77,-43.27,237.83,79.79,0.897471698,0.82257732,-21.5,-158.04,4.858,0.786,22
FGFR1,R22H,benign,P11362,552.573,552.698,0,-4.5,-3.2,173.4,153.2,33.08,Loop,822,True,False,R,H,0.125,1.3,-20.2,-21.77,-29.55,237.83,179.73,0.897471698,0.832083333,-7.78,-58.1,4.858,0.786,22
FGFR1,R22K,benign,P11362,552.573,552.692,2,-4.5,-3.9,173.4,168.6,33.08,Loop,822,True,False,R,K,0.119,0.6,-4.8,-21.77,-21.2,237.83,174.18,0.897471698,0.757304348,0.57,-63.65,4.858,0.786,22
FGFR1,P23A,benign,P11362,553.03,553.29,-1,-1.6,1.8,112.7,88.6,38.0,Loop,822,True,False,P,A,0.26,3.4,-24.1,-20.5,-3.0,120.55,96.88,0.782792208,0.800661157,17.5,-23.67,4.477,0.498,23
FGFR1,P23I,benign,P11362,553.03,553.47,-3,-1.6,4.5,112.7,166.7,38.0,Loop,822,True,False,P,I,0.44,6.1,54.0,-20.5,-21.15,120.55,160.21,0.782792208,0.821589744,-0.65,39.66,4.477,0.498,23
FGFR1,P23S,benign,P11362,553.03,553.161,-1,-1.6,-0.8,112.7,89.0,38.0,Loop,822,True,False,P,S,0.131,0.8,-23.7,-20.5,-1.75,120.55,101.97,0.782792208,0.713076923,18.75,-18.58,4.477,0.498,23
FGFR1,P23V,benign,P11362,553.03,553.494,-2,-1.6,4.2,112.7,140.0,38.0,Loop,822,True,False,P,V,0.464,5.8,27.3,-20.5,-4.55,120.55,131.1,0.782792208,0.794545455,15.95,10.55,4.477,0.498,23
FGFR1,S24A,benign,P11362,552.634,552.435,1,-0.8,1.8,89.0,88.6,35.17,Loop,822,True,False,S,A,-0.199,2.6,-0.4,-2.06,-4.29,89.13,80.3,0.623286713,0.663636364,-2.23,-8.83,3.046,1.462,24
FGFR1,S24G,benign,P11362,552.634,552.548,0,-0.8,-0.4,89.0,60.1,35.17,Loop,822,True,False,S,G,-0.086,0.4,-28.9,-2.06,-3.79,89.13,55.96,0.623286713,0.576907216,-1.73,-33.17,3.046,1.462,24
FGFR1,S24P,benign,P11362,552.634,551.42,-1,-0.8,-1.6,89.0,112.7,35.17,Loop,822,True,False,S,P,-1.214,-0.8,23.7,-2.06,-5.01,89.13,105.83,0.623286713,0.687207792,-2.95,16.7,3.046,1.462,24
FGFR1,S24T,benign,P11362,552.634,552.719,1,-0.8,-0.7,89.0,116.1,35.17,Loop,822,True,False,S,T,0.085,0.1,27.1,-2.06,-3.43,89.13,111.58,0.623286713,0.684539877,-1.37,22.45,3.046,1.462,24
FGFR1,P25A,benign,P11362,553.043,553.332,-1,-1.6,1.8,112.7,88.6,29.51,Loop,822,True,False,P,A,0.289,3.4,-24.1,-1.75,-0.59,138.46,112.34,0.899090909,0.928429752,1.16,-26.12,3.793,1.797,25
FGFR1,P25L,benign,P11362,553.043,553.085,-3,-1.6,3.8,112.7,166.7,29.51,Loop,822,True,False,P,L,0.042,5.4,54.0,-1.75,-3.63,138.46,158.75,0.899090909,0.831151832,-1.88,20.29,3.793,1.797,25
FGFR1,P25R,benign,P11362,553.043,553.11,-2,-1.6,-4.5,112.7,173.4,29.51,Loop,822,True,False,P,R,0.067,-2.9,60.7,-1.75,-8.01,138.46,217.94,0.899090909,0.822415094,-6.26,79.48,3.793,1.797,25
FGFR1,T26A,benign,P11362,553.041,553.365,0,-0.7,1.8,116.1,88.6,36.11,Loop,822,True,False,T,A,0.324,2.5,-27.5,-15.01,-16.04,117.67,86.74,0.72190184,0.716859504,-1.03,-30.93,4.091,1.906,26
FGFR1,T26S,benign,P11362,553.041,553.35,1,-0.7,-0.8,116.1,89.0,36.11,Loop,822,True,False,T,S,0.309,-0.1,-27.1,-15.01,-13.53,117.67,97.05,0.72190184,0.678671329,1.48,-20.62,4.091,1.906,26
FGFR1,T26V,benign,P11362,553.041,553.152,0,-0.7,4.2,116.1,140.0,36.11,Loop,822,True,False,T,V,0.111,4.9,23.9,-15.01,-17.09,117.67,128.53,0.72190184,0.778969697,-2.08,10.86,4.091,1.906,26
FGFR1,L27M,benign,P11362,552.331,552.007,2,3.8,1.9,166.7,162.9,29.5,Loop,822,True,False,L,M,-0.324,-1.9,-3.8,-6.52,-11.52,183.86,140.3,0.962617801,0.691133005,-5.0,-43.56,3.943,0.966,27
FGFR1,L27S,benign,P11362,552.331,552.587,-2,3.8,-0.8,166.7,89.0,29.5,Loop,822,True,False,L,S,0.256,-4.6,-77.7,-6.52,-6.33,183.86,118.94,0.962617801,0.831748252,0.19,-64.92,3.943,0.966,27
FGFR1,L27T,benign,P11362,552.331,552.634,-1,3.8,-0.7,166.7,116.1,29.5,Loop,822,True,False,L,T,0.303,-4.5,-50.6,-6.52,-5.31,183.86,130.93,0.962617801,0.803251534,1.21,-52.93,3.943,0.966,27
FGFR1,L27Y,benign,P11362,552.331,552.381,-1,3.8,-1.3,166.7,193.6,29.5,Loop,822,True,False,L,Y,0.05,-5.1,26.9,-6.52,-17.61,183.86,157.64,0.962617801,0.618196078,-11.09,-26.22,3.943,0.966,27
FGFR1,P28S,benign,P11362,553.047,552.533,-1,-1.6,-0.8,112.7,89.0,28.13,Loop,822,True,False,P,S,-0.514,0.8,-23.7,-14.57,-12.6,119.38,102.04,0.775194805,0.713566434,1.97,-17.34,3.817,1.525,28
FGFR1,P28T,benign,P11362,553.047,552.692,-1,-1.6,-0.7,112.7,116.1,28.13,Loop,822,True,False,P,T,-0.355,0.9,3.4,-14.57,-12.89,119.38,124.01,0.775194805,0.760797546,1.68,4.63,3.817,1.525,28
FGFR1,E29A,benign,P11362,552.427,552.929,-1,-3.5,1.8,138.4,88.6,28.18,Loop,822,True,False,E,A,0.502,5.3,-49.8,-17.64,-19.94,166.4,94.56,0.777570093,0.781487603,-2.3,-71.84,4.331,1.168,29
FGFR1,E29G,benign,P11362,552.427,552.609,-2,-3.5,-0.4,138.4,60.1,28.18,Loop,822,True,False,E,G,0.182,3.1,-78.3,-17.64,-19.06,166.4,69.2,0.777570093,0.713402062,-1.42,-97.2,4.331,1.168,29
FGFR1,E29P,benign,P11362,552.427,552.227,-1,-3.5,-1.6,138.4,112.7,28.18,Loop,822,True,False,E,P,-0.2,1.9,-25.7,-17.64,-20.62,166.4,115.4,0.777570093,0.749350649,-2.98,-51.0,4.331,1.168,29
FGFR1,E29V,benign,P11362,552.427,553.027,-2,-3.5,4.2,138.4,140.0,28.18,Loop,822,True,False,E,V,0.6,7.7,1.6,-17.64,-23.09,166.4,135.7,0.777570093,0.822424242,-5.45,-30.7,4.331,1.168,29
FGFR1,Q30A,benign,P11362,552.269,552.586,-1,-3.5,1.8,143.8,88.6,29.08,Loop,822,True,False,Q,A,0.317,5.3,-55.2,-22.55,-26.99,183.75,99.81,0.85864486,0.824876033,-4.44,-83.94,5.051,1.762,30
FGFR1,Q30E,benign,P11362,552.269,551.897,2,-3.5,-3.5,143.8,138.4,29.08,Loop,822,True,False,Q,E,-0.372,0.0,-5.4,-22.55,-23.84,183.75,155.78,0.85864486,0.727943925,-1.29,-27.97,5.051,1.762,30
FGFR1,Q30H,benign,P11362,552.269,552.869,0,-3.5,-3.2,143.8,153.2,29.08,Loop,822,True,False,Q,H,0.6,0.3,9.4,-22.55,-23.84,183.75,184.07,0.85864486,0.852175926,-1.29,0.32,5.051,1.762,30
FGFR1,Q30K,benign,P11362,552.269,552.603,1,-3.5,-3.9,143.8,168.6,29.08,Loop,822,True,False,Q,K,0.334,-0.4,24.8,-22.55,-15.97,183.75,198.0,0.85864486,0.860869565,6.58,14.25,5.051,1.762,30
FGFR1,A31G,benign,P11362,552.418,552.145,0,1.8,-0.4,88.6,60.1,28.08,Loop,822,True,False,A,G,-0.273,-2.2,-28.5,-21.2,-21.91,99.96,75.19,0.826115702,0.775154639,-0.71,-24.77,3.911,1.869,31
FGFR1,A31L,benign,P11362,552.418,552.22,-1,1.8,3.8,88.6,166.7,28.08,Loop,822,True,False,A,L,-0.198,2.0,78.1,-21.2,-24.26,99.96,152.89,0.826115702,0.800471204,-3.06,52.93,3.911,1.869,31
FGFR1,A31T,benign,P11362,552.418,552.0,0,1.8,-0.7,88.6,116.1,28.08,Loop,822,True,False,A,T,-0.418,-2.5,27.5,-21.2,-22.06,99.96,122.25,0.826115702,0.75,-0.86,22.29,3.911,1.869,31
FGFR1,Q32K,benign,P11362,552.155,552.059,1,-3.5,-3.9,143.8,168.6,30.58,Loop,822,True,False,Q,K,-0.096,-0.4,24.8,-18.76,-17.12,155.66,148.83,0.727383178,0.647086957,1.64,-6.83,4.795,2.132,32
FGFR1,Q32L,benign,P11362,552.155,552.185,-2,-3.5,3.8,143.8,166.7,30.58,Loop,822,True,False,Q,L,0.03,7.3,22.9,-18.76,-24.43,155.66,148.77,0.727383178,0.778900524,-5.67,-6.89,4.795,2.132,32
FGFR1,Q32R,benign,P11362,552.155,551.971,1,-3.5,-4.5,143.8,173.4,30.58,Loop,822,True,False,Q,R,-0.184,-1.0,29.6,-18.76,-17.0,155.66,187.98,0.727383178,0.709358491,1.76,32.32,4.795,2.132,32
FGFR1,P33S,benign,P11362,553.026,553.697,-1,-1.6,-0.8,112.7,89.0,28.95,Loop,822,True,False,P,S,0.671,0.8,-23.7,-17.21,-16.66,122.66,110.75,0.796493506,0.774475524,0.55,-11.91,4.468,0.489,33
FGFR1,G35K,benign,P11362,553.026,552.524,-2,-0.4,-3.9,60.1,168.6,27.96,Loop,822,True,False,G,K,-0.502,-3.5,108.5,-22.27,-14.7,60.95,152.5,0.628350515,0.663043478,7.57,91.55,3.851,1.655,35
FGFR1,A36D,benign,P11362,553.016,553.037,-2,1.8,-3.5,88.6,111.1,28.26,Loop,822,True,False,A,D,0.021,-5.3,22.5,-20.92,-16.48,89.54,130.61,0.74,0.698449198,4.44,41.07,3.809,1.643,36
FGFR1,A36G,benign,P11362,553.016,553.211,0,1.8,-0.4,88.6,60.1,28.26,Loop,822,True,False,A,G,0.195,-2.2,-28.5,-20.92,-17.63,89.54,63.66,0.74,0.65628866,3.29,-25.88,3.809,1.643,36
FGFR1,A36T,benign,P11362,553.016,553.099,0,1.8,-0.7,88.6,116.1,28.26,Loop,822,True,False,A,T,0.083,-2.5,27.5,-20.92,-19.93,89.54,122.3,0.74,0.750306748,0.99,32.76,3.809,1.643,36
FGFR1,A36V,benign,P11362,553.016,553.114,0,1.8,4.2,88.6,140.0,28.26,Loop,822,True,False,A,V,0.098,2.4,51.4,-20.92,-22.43,89.54,130.57,0.74,0.791333333,-1.51,41.03,3.809,1.643,36
FGFR1,V38E,benign,P11362,553.02,552.727,-2,4.2,-3.5,140.0,138.4,54.19,Loop,822,True,False,V,E,-0.293,-7.7,-1.6,-15.9,-6.63,98.85,119.59,0.599090909,0.558831776,9.27,20.74,3.438,1.614,38
FGFR1,S42A,benign,P11362,551.697,551.368,1,-0.8,1.8,89.0,88.6,81.69,Beta strand,822,True,False,S,A,-0.329,2.6,-0.4,-4.28,-6.07,96.83,89.16,0.677132867,0.736859504,-1.79,-7.67,3.615,1.587,42
FGFR1,F43L,benign,P11362,551.924,551.455,0,2.8,3.8,189.9,166.7,84.53,Loop,822,True,False,F,L,-0.469,1.0,-23.2,-6.99,-0.83,68.64,43.9,0.301052632,0.229842932,6.16,-24.74,4.329,1.89,43
FGFR1,F43S,benign,P11362,551.924,553.874,-2,2.8,-0.8,189.9,89.0,84.53,Loop,822,True,False,F,S,1.95,-3.6,-100.9,-6.99,0.7,68.64,40.98,0.301052632,0.286573427,7.69,-27.66,4.329,1.89,43
FGFR1,V45A,benign,P11362,550.107,552.214,0,4.2,1.8,140.0,88.6,83.58,Loop,822,True,False,V,A,2.107,-2.4,-51.4,-0.3,-0.85,15.51,11.04,0.094,0.091239669,-0.55,-4.47,3.486,1.306,45
FGFR1,P47S,benign,P11362,552.761,555.528,-1,-1.6,-0.8,112.7,89.0,86.59,Loop,822,True,False,P,S,2.767,0.8,-23.7,0.01,1.02,54.64,58.0,0.354805195,0.405594406,1.01,3.36,4.495,0.333,47
FGFR1,L50A,benign,P11362,552.059,553.054,-1,3.8,1.8,166.7,88.6,90.73,Loop,822,True,False,L,A,0.995,-2.0,-78.1,-0.64,0.01,98.06,61.78,0.513403141,0.510578512,0.65,-36.28,3.404,1.768,50
FGFR1,L50P,benign,P11362,552.059,552.954,-3,3.8,-1.6,166.7,112.7,90.73,Loop,822,True,False,L,P,0.895,-5.4,-54.0,-0.64,-0.74,98.06,83.43,0.513403141,0.541753247,-0.1,-14.63,3.404,1.768,50
FGFR1,R58Q,benign,P11362,549.404,550.125,1,-4.5,-3.5,173.4,143.8,74.39,Loop,822,True,False,R,Q,0.721,1.0,-29.6,5.61,8.71,119.96,96.62,0.452679245,0.451495327,3.1,-23.34,4.58,1.045,58
FGFR1,D59E,benign,P11362,553.011,552.911,2,-3.5,-3.5,111.1,138.4,76.86,Loop,822,True,False,D,E,-0.1,0.0,27.3,4.07,3.81,164.31,192.12,0.878663102,0.897757009,-0.26,27.81,4.639,0.458,59
FGFR1,S63I,benign,P11362,551.68,552.351,-2,-0.8,4.5,89.0,166.7,87.22,Beta strand,822,True,False,S,I,0.671,5.3,77.7,-0.21,-1.75,51.83,89.55,0.362447552,0.459230769,-1.54,37.72,3.633,1.842,63
FGFR1,N65D,benign,P11362,551.004,551.025,1,-3.5,-3.5,114.1,111.1,90.72,Beta strand,822,True,False,N,D,0.021,0.0,-3.0,1.55,2.29,68.58,61.93,0.366737968,0.331176471,0.74,-6.65,4.613,1.317,65
FGFR1,D69G,benign,P11362,551.735,553.079,-1,-3.5,-0.4,111.1,60.1,86.83,Beta strand,822,True,False,D,G,1.344,3.1,-51.0,0.83,-0.76,89.05,58.11,0.476203209,0.599072165,-1.59,-30.94,4.674,0.265,69
FGFR1,V71A,benign,P11362,552.712,552.818,0,4.2,1.8,140.0,88.6,88.29,Beta strand,822,True,False,V,A,0.106,-2.4,-51.4,-2.09,-1.24,106.69,63.42,0.646606061,0.524132231,0.85,-43.27,4.214,0.719,71
FGFR1,Q72K,benign,P11362,552.456,552.129,1,-3.5,-3.9,143.8,168.6,89.96,Beta strand,822,True,False,Q,K,-0.327,-0.4,24.8,-1.01,3.38,129.45,148.79,0.604906542,0.646913043,4.39,19.34,5.159,1.707,72
FGFR1,A74M,benign,P11362,552.236,552.194,-1,1.8,1.9,88.6,162.9,86.25,Loop,822,True,False,A,M,-0.042,0.1,74.3,-1.05,-0.35,76.35,149.17,0.630991736,0.734827586,0.7,72.82,3.016,2.058,74
FGFR1,A74V,benign,P11362,552.236,552.229,0,1.8,4.2,88.6,140.0,86.25,Loop,822,True,False,A,V,-0.007,2.4,51.4,-1.05,-1.79,76.35,116.69,0.630991736,0.707212121,-0.74,40.34,3.016,2.058,74
FGFR1,E75D,benign,P11362,552.302,552.562,2,-3.5,-3.5,138.4,111.1,87.95,Loop,822,True,False,E,D,0.26,0.0,-27.3,2.34,1.91,117.4,98.88,0.548598131,0.528770053,-0.43,-18.52,3.807,1.39,75
FGFR1,S76G,benign,P11362,551.94,554.222,0,-0.8,-0.4,89.0,60.1,87.1,Loop,822,True,False,S,G,2.282,0.4,-28.9,-0.51,-0.46,66.32,45.66,0.463776224,0.470721649,0.05,-20.66,3.43,1.794,76
FGFR1,S76N,benign,P11362,551.94,554.162,1,-0.8,-3.5,89.0,114.1,87.1,Loop,822,True,False,S,N,2.222,-2.7,25.1,-0.51,7.41,66.32,96.16,0.463776224,0.514224599,7.92,29.84,3.43,1.794,76
FGFR1,R80H,benign,P11362,552.491,553.134,0,-4.5,-3.2,173.4,153.2,91.16,Beta strand,822,True,False,R,H,0.643,1.3,-20.2,5.23,1.12,151.77,116.04,0.572716981,0.537222222,-4.11,-35.73,4.339,1.15,80
FGFR1,E84A,benign,P11362,551.331,550.782,-1,-3.5,1.8,138.4,88.6,88.43,Beta strand,822,True,False,E,A,-0.549,5.3,-49.8,2.1,-0.23,60.55,16.57,0.282943925,0.136942149,-2.33,-43.98,4.533,0.495,84
FGFR1,Q89R,benign,P11362,551.598,551.487,1,-3.5,-4.5,143.8,173.4,90.98,Loop,822,True,False,Q,R,-0.111,-1.0,29.6,2.11,7.99,109.14,166.91,0.51,0.629849057,5.88,57.77,2.401,1.832,89
FGFR1,Q89W,benign,P11362,551.598,550.933,-2,-3.5,-0.9,143.8,227.8,90.98,Loop,822,True,False,Q,W,-0.665,2.6,84.0,2.11,-4.77,109.14,82.28,0.51,0.311666667,-6.88,-26.86,2.401,1.832,89
FGFR1,D90A,benign,P11362,551.636,552.053,-2,-3.5,1.8,111.1,88.6,88.32,Loop,822,True,False,D,A,0.417,5.3,-22.5,2.57,-0.93,88.4,49.24,0.472727273,0.406942149,-3.5,-39.16,4.195,1.275,90
FGFR1,D90E,benign,P11362,551.636,551.55,2,-3.5,-3.5,111.1,138.4,88.32,Loop,822,True,False,D,E,-0.086,0.0,27.3,2.57,2.79,88.4,104.42,0.472727273,0.487943925,0.22,16.02,4.195,1.275,90
FGFR1,D90G,benign,P11362,551.636,551.886,-1,-3.5,-0.4,111.1,60.1,88.32,Loop,822,True,False,D,G,0.25,3.1,-51.0,2.57,-0.45,88.4,28.96,0.472727273,0.298556701,-3.02,-59.44,4.195,1.275,90
FGFR1,S91A,benign,P11362,549.563,548.23,1,-0.8,1.8,89.0,88.6,89.3,Loop,822,True,False,S,A,-1.333,2.6,-0.4,0.01,0.01,0.48,0.48,0.003356643,0.003966942,0.0,0.0,3.3,1.404,91
FGFR1,V92A,benign,P11362,552.262,552.899,0,4.2,1.8,140.0,88.6,90.25,Loop,822,True,False,V,A,0.637,-2.4,-51.4,-1.06,-0.78,55.8,40.75,0.338181818,0.33677686,0.28,-15.05,3.538,1.835,92
FGFR1,V92G,benign,P11362,552.262,553.076,-3,4.2,-0.4,140.0,60.1,90.25,Loop,822,True,False,V,G,0.814,-4.6,-79.9,-1.06,-0.4,55.8,20.91,0.338181818,0.21556701,0.66,-34.89,3.538,1.835,92
FGFR1,V92I,benign,P11362,552.262,551.809,3,4.2,4.5,140.0,166.7,90.25,Loop,822,True,False,V,I,-0.453,0.3,26.7,-1.06,-1.33,55.8,70.03,0.338181818,0.359128205,-0.27,14.23,3.538,1.835,92
FGFR1,V92M,benign,P11362,552.262,551.937,1,4.2,1.9,140.0,162.9,90.25,Loop,822,True,False,V,M,-0.325,-2.3,22.9,-1.06,-1.28,55.8,83.82,0.338181818,0.412906404,-0.22,28.02,3.538,1.835,92
FGFR1,V92N,benign,P11362,552.262,552.604,-3,4.2,-3.5,140.0,114.1,90.25,Loop,822,True,False,V,N,0.342,-7.7,-25.9,-1.06,1.59,55.8,76.5,0.338181818,0.409090909,2.65,20.7,3.538,1.835,92
FGFR1,V92T,benign,P11362,552.262,552.582,0,4.2,-0.7,140.0,116.1,90.25,Loop,822,True,False,V,T,0.32,-4.9,-23.9,-1.06,0.71,55.8,55.37,0.338181818,0.339693252,1.77,-0.43,3.538,1.835,92
FGFR1,A94G,benign,P11362,552.19,552.399,0,1.8,-0.4,88.6,60.1,88.2,Turn,822,True,False,A,G,0.209,-2.2,-28.5,-1.05,-0.32,78.13,54.66,0.645702479,0.563505155,0.73,-23.47,3.628,1.882,94
FGFR1,A94S,benign,P11362,552.19,552.148,1,1.8,-0.8,88.6,89.0,88.2,Turn,822,True,False,A,S,-0.042,-2.6,0.4,-1.05,-0.74,78.13,86.72,0.645702479,0.606433566,0.31,8.59,3.628,1.882,94
FGFR1,A94T,benign,P11362,552.19,552.877,0,1.8,-0.7,88.6,116.1,88.2,Turn,822,True,False,A,T,0.687,-2.5,27.5,-1.05,0.03,78.13,105.62,0.645702479,0.64797546,1.08,27.49,3.628,1.882,94
FGFR1,A100T,benign,P11362,551.66,550.989,0,1.8,-0.7,88.6,116.1,91.59,Beta strand,822,True,False,A,T,-0.671,-2.5,27.5,-2.0,-1.61,7.51,10.73,0.062066116,0.065828221,0.39,3.22,4.655,0.331,100
FGFR1,V102M,benign,P11362,551.835,551.619,1,4.2,1.9,140.0,162.9,90.64,Beta strand,822,True,False,V,M,-0.216,-2.3,22.9,-0.63,-0.83,35.11,65.74,0.212787879,0.323842365,-0.2,30.63,3.481,1.461,102
FGFR1,S104N,benign,P11362,551.904,551.732,1,-0.8,-3.5,89.0,114.1,85.42,Beta strand,822,True,False,S,N,-0.172,-2.7,25.1,0.36,0.76,44.3,64.86,0.30979021,0.34684492,0.4,20.56,3.399,2.16,104
FGFR1,S104T,benign,P11362,551.904,551.557,1,-0.8,-0.7,89.0,116.1,85.42,Beta strand,822,True,False,S,T,-0.347,0.1,27.1,0.36,-0.23,44.3,64.33,0.30979021,0.394662577,-0.59,20.03,3.399,2.16,104
FGFR1,S105N,benign,P11362,548.671,551.098,1,-0.8,-3.5,89.0,114.1,83.56,Beta strand,822,True,False,S,N,2.427,-2.7,25.1,0.19,6.04,19.01,15.82,0.132937063,0.08459893,5.85,-3.19,3.638,1.308,105
FGFR1,S107L,benign,P11362,551.065,551.003,-2,-0.8,3.8,89.0,166.7,73.47,Loop,822,True,False,S,L,-0.062,4.6,77.7,-0.84,-1.98,82.42,136.97,0.576363636,0.717120419,-1.14,54.55,3.559,1.634,107
FGFR1,T111I,benign,P11362,551.481,550.379,-1,-0.7,4.5,116.1,166.7,87.1,Beta strand,822,True,False,T,I,-1.102,5.2,50.6,0.96,-0.54,45.83,74.85,0.281165644,0.383846154,-1.5,29.02,4.678,0.718,111
FGFR1,T111V,benign,P11362,551.481,550.812,0,-0.7,4.2,116.1,140.0,87.1,Beta strand,822,True,False,T,V,-0.669,4.9,23.9,0.96,-0.18,45.83,55.74,0.281165644,0.337818182,-1.14,9.91,4.678,0.718,111
FGFR1,T112S,benign,P11362,550.181,551.021,1,-0.7,-0.8,116.1,89.0,87.82,Beta strand,822,True,False,T,S,0.84,-0.1,-27.1,-0.51,0.33,32.24,38.7,0.197791411,0.270629371,0.84,6.46,4.067,1.866,112
FGFR1,V118I,benign,P11362,549.004,548.101,3,4.2,4.5,140.0,166.7,87.41,Loop,822,True,False,V,I,-0.903,0.3,26.7,-2.15,-1.26,4.05,4.06,0.024545455,0.020820513,0.89,0.01,4.282,0.305,118
FGFR1,D120N,benign,P11362,552.768,552.932,1,-3.5,-3.5,111.1,114.1,66.24,Loop,822,True,False,D,N,0.164,0.0,3.0,0.69,-0.33,120.03,122.48,0.641871658,0.654973262,-1.02,2.45,4.689,0.108,120
FGFR1,S125A,benign,P11362,552.81,552.555,1,-0.8,1.8,89.0,88.6,38.59,Loop,822,True,False,S,A,-0.255,2.6,-0.4,1.2,-0.45,95.03,80.78,0.664545455,0.667603306,-1.65,-14.25,3.388,1.413,125
FGFR1,E126D,benign,P11362,551.618,551.514,2,-3.5,-3.5,138.4,111.1,39.57,Loop,822,True,False,E,D,-0.104,0.0,-27.3,2.84,3.36,122.66,116.66,0.57317757,0.623850267,0.52,-6.0,3.947,0.907,126
FGFR1,D128E,benign,P11362,551.8,552.666,2,-3.5,-3.5,111.1,138.4,44.61,Loop,822,True,False,D,E,0.866,0.0,27.3,3.29,4.34,122.99,147.29,0.657700535,0.688271028,1.05,24.3,4.067,0.967,128
FGFR1,T141A,benign,P11362,552.328,551.913,0,-0.7,1.8,116.1,88.6,34.12,Loop,822,True,False,T,A,-0.415,2.5,-27.5,0.71,-0.61,123.21,99.02,0.755889571,0.818347107,-1.32,-24.19,3.833,1.982,141
FGFR1,T141M,benign,P11362,552.328,551.774,-1,-0.7,1.9,116.1,162.9,34.12,Loop,822,True,False,T,M,-0.554,2.6,46.8,0.71,-1.54,123.21,172.02,0.755889571,0.847389163,-2.25,48.81,3.833,1.982,141
FGFR1,T141N,benign,P11362,552.328,552.015,0,-0.7,-3.5,116.1,114.1,34.12,Loop,822,True,False,T,N,-0.313,-2.8,-2.0,0.71,1.97,123.21,128.45,0.755889571,0.686898396,1.26,5.24,3.833,1.982,141
FGFR1,T141S,benign,P11362,552.328,552.249,1,-0.7,-0.8,116.1,89.0,34.12,Loop,822,True,False,T,S,-0.079,-0.1,-27.1,0.71,1.09,123.21,103.19,0.755889571,0.721608392,0.38,-20.02,3.833,1.982,141
FGFR1,N143S,benign,P11362,552.983,553.079,1,-3.5,-0.8,114.1,89.0,36.41,Loop,822,True,False,N,S,0.096,2.7,-25.1,2.47,1.54,147.65,112.75,0.789572193,0.788461538,-0.93,-34.9,5.052,1.128,143
FGFR1,M149R,benign,P11362,552.452,551.715,-1,1.9,-4.5,162.9,173.4,80.94,Loop,822,True,False,M,R,-0.737,-6.4,10.5,-2.21,2.18,160.96,176.94,0.792906404,0.667698113,4.39,15.98,3.777,1.818,149
FGFR1,M149T,benign,P11362,552.452,552.599,-1,1.9,-0.7,162.9,116.1,80.94,Loop,822,True,False,M,T,0.147,-2.6,-46.8,-2.21,-0.36,160.96,94.29,0.792906404,0.578466258,1.85,-66.67,3.777,1.818,149
FGFR1,P150A,benign,P11362,549.382,550.422,-1,-1.6,1.8,112.7,88.6,87.09,Loop,822,True,False,P,A,1.04,3.4,-24.1,-1.25,-1.36,69.25,47.34,0.449675325,0.391239669,-0.11,-21.91,3.641,1.355,150
FGFR1,K163N,benign,P11362,552.64,553.02,0,-3.9,-3.5,168.6,114.1,81.45,Loop,822,True,False,K,N,0.38,0.4,-54.5,5.78,2.39,139.1,111.54,0.604782609,0.596470588,-3.39,-27.56,4.708,0.041,163
FGFR1,S181N,benign,P11362,552.489,552.179,1,-0.8,-3.5,89.0,114.1,93.59,Beta strand,822,True,False,S,N,-0.31,-2.7,25.1,-1.48,-3.38,38.95,72.38,0.272377622,0.387058824,-1.9,33.43,3.526,1.525,181
FGFR1,N185S,benign,P11362,550.478,550.629,1,-3.5,-0.8,114.1,89.0,90.43,Loop,822,True,False,N,S,0.151,2.7,-25.1,-4.76,-7.24,135.51,94.07,0.724652406,0.657832168,-2.48,-41.44,4.541,1.543,185
FGFR1,N185Y,benign,P11362,550.478,549.8,-2,-3.5,-1.3,114.1,193.6,90.43,Loop,822,True,False,N,Y,-0.678,2.2,79.5,-4.76,-12.15,135.51,126.73,0.724652406,0.496980392,-7.39,-8.78,4.541,1.543,185
FGFR1,T187S,benign,P11362,552.513,552.205,1,-0.7,-0.8,116.1,89.0,93.56,Beta strand,822,True,False,T,S,-0.308,-0.1,-27.1,-2.2,0.23,86.6,70.13,0.531288344,0.49041958,2.43,-16.47,4.751,0.546,187
FGFR1,W190C,benign,P11362,551.434,556.46,-2,-0.9,2.5,227.8,108.5,94.92,Beta strand,822,True,False,W,C,5.026,3.4,-119.3,-0.12,3.26,7.26,16.63,0.0275,0.112364865,3.38,9.37,6.507,0.133,190
FGFR1,I231V,benign,P11362,551.324,551.798,3,4.5,4.2,166.7,140.0,95.75,Beta strand,822,True,False,I,V,0.474,-0.3,-26.7,-0.41,-0.28,22.45,16.11,0.115128205,0.097636364,0.13,-6.34,4.73,1.128,231
FGFR1,E235A,benign,P11362,549.842,550.356,-1,-3.5,1.8,138.4,88.6,94.18,Loop,822,True,False,E,A,0.514,5.3,-49.8,-4.45,-8.47,130.57,96.72,0.610140187,0.799338843,-4.02,-33.85,4.078,1.578,235
FGFR1,E235K,benign,P11362,549.842,549.689,1,-3.5,-3.9,138.4,168.6,94.18,Loop,822,True,False,E,K,-0.153,-0.4,30.2,-4.45,-0.27,130.57,164.98,0.610140187,0.717304348,4.18,34.41,4.078,1.578,235
FGFR1,H241F,benign,P11362,550.581,549.744,-1,-3.2,2.8,153.2,189.9,95.33,Beta strand,822,True,False,H,F,-0.837,6.0,36.7,1.58,-3.67,28.75,38.36,0.133101852,0.168245614,-5.25,9.61,6.004,0.041,241
FGFR1,T242S,benign,P11362,553.005,554.188,1,-0.7,-0.8,116.1,89.0,95.65,Beta strand,822,True,False,T,S,1.183,-0.1,-27.1,0.39,0.52,56.12,53.3,0.344294479,0.372727273,0.13,-2.82,4.801,0.041,242
FGFR1,Y243F,benign,P11362,551.644,552.019,3,-1.3,2.8,193.6,189.9,96.12,Beta strand,822,True,False,Y,F,0.375,4.1,-3.7,-0.24,-0.34,4.06,3.64,0.015921569,0.015964912,-0.1,-0.42,5.37,0.041,243
FGFR1,Q244P,benign,P11362,551.688,554.156,-1,-3.5,-1.6,143.8,112.7,94.8,Beta strand,822,True,False,Q,P,2.468,1.9,-31.1,2.33,-0.65,93.17,34.47,0.435373832,0.223831169,-2.98,-58.7,5.186,0.964,244
FGFR1,L245F,benign,P11362,552.007,562.681,0,3.8,2.8,166.7,189.9,93.62,Beta strand,822,True,False,L,F,10.674,-1.0,23.2,0.02,0.02,1.12,1.12,0.005863874,0.004912281,0.0,0.0,4.086,0.041,245
FGFR1,D246F,benign,P11362,552.854,553.009,-3,-3.5,2.8,111.1,189.9,89.6,Beta strand,822,True,False,D,F,0.155,6.3,78.8,1.88,-7.58,41.41,74.68,0.22144385,0.32754386,-9.46,33.27,4.695,0.041,246
FGFR1,V247S,benign,P11362,552.063,555.899,-2,4.2,-0.8,140.0,89.0,83.44,Beta strand,822,True,False,V,S,3.836,-5.0,-51.0,-1.43,-1.96,10.9,10.61,0.066060606,0.074195804,-0.53,-0.29,4.356,0.041,247
FGFR1,K265E,benign,P11362,552.014,552.333,1,-3.9,-3.5,168.6,138.4,95.21,Beta strand,822,True,False,K,E,0.319,0.4,-30.2,0.14,-2.03,76.88,72.56,0.33426087,0.339065421,-2.17,-4.32,4.058,1.397,265
FGFR1,M276V,benign,P11362,551.591,551.889,1,1.9,4.2,162.9,140.0,94.71,Beta strand,822,True,False,M,V,0.298,2.3,-22.9,-1.95,-0.79,83.5,52.26,0.411330049,0.316727273,1.16,-31.24,4.719,1.347,276
FGFR1,E294K,benign,P11362,551.782,551.148,1,-3.5,-3.9,138.4,168.6,90.25,Loop,822,True,False,E,K,-0.634,-0.4,30.2,-7.34,-2.8,106.3,141.64,0.496728972,0.615826087,4.54,35.34,4.557,0.098,294
FGFR1,V308D,benign,P11362,552.042,553.935,-3,4.2,-3.5,140.0,111.1,92.61,Beta strand,822,True,False,V,D,1.893,-7.7,-28.9,-7.07,-4.41,57.05,70.7,0.345757576,0.378074866,2.66,13.65,3.742,0.921,308
FGFR1,T313H,benign,P11362,552.617,553.657,-2,-0.7,-3.2,116.1,153.2,85.6,Beta strand,822,True,False,T,H,1.04,-2.5,37.1,-4.18,-2.34,61.27,110.51,0.375889571,0.51162037,1.84,49.24,4.018,1.314,313
FGFR1,A314S,benign,P11362,551.913,552.766,1,1.8,-0.8,88.6,89.0,73.0,Loop,822,True,False,A,S,0.853,-2.6,0.4,-2.15,-0.86,40.5,46.05,0.334710744,0.322027972,1.29,5.55,4.535,0.488,314
FGFR1,G315P,benign,P11362,552.661,554.043,-2,-0.4,-1.6,60.1,112.7,61.87,Loop,822,True,False,G,P,1.382,-1.2,52.6,-0.5,-1.4,46.69,83.87,0.481340206,0.54461039,-0.9,37.18,4.727,0.092,315
FGFR1,V316I,benign,P11362,552.933,552.875,3,4.2,4.5,140.0,166.7,52.27,Beta strand,822,True,False,V,I,-0.058,0.3,26.7,-1.73,-2.16,158.09,174.02,0.958121212,0.892410256,-0.43,15.93,4.194,0.794,316
FGFR1,N317Q,benign,P11362,552.477,552.259,0,-3.5,-3.5,114.1,143.8,52.12,Beta strand,822,True,False,N,Q,-0.218,0.0,29.7,0.21,-0.84,141.07,143.27,0.754385027,0.669485981,-1.05,2.2,5.314,0.092,317
FGFR1,T318S,benign,P11362,550.815,551.57,1,-0.7,-0.8,116.1,89.0,66.96,Beta strand,822,True,False,T,S,0.755,-0.1,-27.1,-0.15,0.08,53.21,43.27,0.326441718,0.302587413,0.23,-9.94,4.646,0.626,318
FGFR1,T319S,benign,P11362,551.461,550.872,1,-0.7,-0.8,116.1,89.0,71.74,Loop,822,True,False,T,S,-0.589,-0.1,-27.1,-1.23,-0.72,78.12,55.34,0.479263804,0.386993007,0.51,-22.78,4.643,0.545,319
FGFR1,D320G,benign,P11362,551.034,550.891,-1,-3.5,-0.4,111.1,60.1,69.38,Helix,822,True,False,D,G,-0.143,3.1,-51.0,1.91,-0.07,61.92,45.33,0.331122995,0.467319588,-1.98,-16.59,4.654,0.233,320
FGFR1,K321A,benign,P11362,551.897,551.861,-1,-3.9,1.8,168.6,88.6,79.73,Helix,822,True,False,K,A,-0.036,5.7,-80.0,3.47,-1.04,156.52,65.2,0.680521739,0.538842975,-4.51,-91.32,4.556,0.524,321
FGFR1,M323T,benign,P11362,549.883,552.0,-1,1.9,-0.7,162.9,116.1,88.49,Helix,822,True,False,M,T,2.117,-2.6,-46.8,3.36,-0.03,3.68,6.32,0.018128079,0.038773006,-3.39,2.64,4.849,1.39,323
FGFR1,E324S,benign,P11362,550.494,550.174,0,-3.5,-0.8,138.4,89.0,90.52,Loop,822,True,False,E,S,-0.32,2.7,-49.4,1.32,0.3,33.42,12.53,0.156168224,0.087622378,-1.02,-20.89,4.56,0.124,324
FGFR1,L326S,benign,P11362,549.79,555.107,-2,3.8,-0.8,166.7,89.0,94.46,Beta strand,822,True,False,L,S,5.317,-4.6,-77.7,-0.16,0.24,8.71,7.75,0.045602094,0.054195804,0.4,-0.96,4.086,0.092,326
FGFR1,H327G,benign,P11362,551.136,551.201,-2,-3.2,-0.4,153.2,60.1,93.54,Beta strand,822,True,False,H,G,0.065,2.8,-93.1,-1.36,0.49,101.27,51.83,0.468842593,0.534329897,1.85,-49.44,5.191,1.701,327
FGFR1,H327T,benign,P11362,551.136,550.494,-2,-3.2,-0.7,153.2,116.1,93.54,Beta strand,822,True,False,H,T,-0.642,2.5,-37.1,-1.36,-5.57,101.27,63.88,0.468842593,0.39190184,-4.21,-37.39,5.191,1.701,327
FGFR1,L328A,benign,P11362,549.759,552.903,-1,3.8,1.8,166.7,88.6,93.86,Beta strand,822,True,False,L,A,3.144,-2.0,-78.1,-0.5,-0.39,28.78,23.96,0.150680628,0.198016529,0.11,-4.82,3.533,0.962,328
FGFR1,R329F,benign,P11362,552.469,552.146,-3,-4.5,2.8,173.4,189.9,93.17,Loop,822,True,False,R,F,-0.323,7.3,16.5,3.77,-10.33,198.22,146.63,0.748,0.643114035,-14.1,-51.59,4.829,0.729,329
FGFR1,R329Q,benign,P11362,552.469,552.254,1,-4.5,-3.5,173.4,143.8,93.17,Loop,822,True,False,R,Q,-0.215,1.0,-29.6,3.77,2.85,198.22,143.75,0.748,0.671728972,-0.92,-54.47,4.829,0.729,329
FGFR1,V331I,benign,P11362,550.721,551.024,3,4.2,4.5,140.0,166.7,92.63,Loop,822,True,False,V,I,0.303,0.3,26.7,-0.02,-0.02,2.01,2.4,0.012181818,0.012307692,0.0,0.39,4.356,0.092,331
FGFR1,S332P,benign,P11362,549.886,552.564,-1,-0.8,-1.6,89.0,112.7,93.06,Loop,822,True,False,S,P,2.678,-0.8,23.7,-0.92,-3.29,41.41,49.91,0.28958042,0.324090909,-2.37,8.5,3.466,1.066,332
FGFR1,S332T,benign,P11362,549.886,550.988,1,-0.8,-0.7,89.0,116.1,93.06,Loop,822,True,False,S,T,1.102,0.1,27.1,-0.92,-2.85,41.41,48.74,0.28958042,0.299018405,-1.93,7.33,3.466,1.066,332
FGFR1,F333E,benign,P11362,550.516,552.267,-3,2.8,-3.5,189.9,138.4,92.76,Helix,822,True,False,F,E,1.751,-6.3,-51.5,-6.8,1.78,98.76,112.63,0.433157895,0.526308411,8.58,13.87,5.936,0.518,333
FGFR1,E334A,benign,P11362,551.956,552.516,-1,-3.5,1.8,138.4,88.6,91.12,Helix,822,True,False,E,A,0.56,5.3,-49.8,-2.12,-4.69,151.86,83.43,0.709626168,0.689504132,-2.57,-68.43,4.41,0.744,334
FGFR1,D335Q,benign,P11362,549.547,549.804,0,-3.5,-3.5,111.1,143.8,92.86,Helix,822,True,False,D,Q,0.257,0.0,32.7,-0.45,4.8,38.29,65.4,0.204759358,0.305607477,5.25,27.11,4.59,0.482,335
FGFR1,A336S,benign,P11362,552.838,552.607,1,1.8,-0.8,88.6,89.0,94.0,Loop,822,True,False,A,S,-0.231,-2.6,0.4,-8.25,-6.49,43.09,45.11,0.356115702,0.315454545,1.76,2.02,4.576,0.514,336
FGFR1,A336T,benign,P11362,552.838,553.987,0,1.8,-0.7,88.6,116.1,94.0,Loop,822,True,False,A,T,1.149,-2.5,27.5,-8.25,-7.93,43.09,59.8,0.356115702,0.366871166,0.32,16.71,4.576,0.514,336
FGFR1,E338D,benign,P11362,550.416,550.152,2,-3.5,-3.5,138.4,111.1,96.46,Beta strand,822,True,False,E,D,-0.264,0.0,-27.3,-7.84,-11.01,51.88,25.74,0.242429907,0.137647059,-3.17,-26.14,4.536,0.41,338
FGFR1,Y339R,benign,P11362,549.403,553.63,-2,-1.3,-4.5,193.6,173.4,96.61,Beta strand,822,True,False,Y,R,4.227,-3.2,-20.2,0.04,0.2,1.16,3.9,0.00454902,0.014716981,0.16,2.74,5.37,0.092,339
FGFR1,T340C,benign,P11362,550.166,550.54,-1,-0.7,2.5,116.1,108.5,96.16,Beta strand,822,True,False,T,C,0.374,3.2,-7.6,-3.99,0.22,8.2,13.23,0.050306748,0.089391892,4.21,5.03,4.649,0.662,340
FGFR1,T340M,benign,P11362,550.166,548.474,-1,-0.7,1.9,116.1,162.9,96.16,Beta strand,822,True,False,T,M,-1.692,2.6,46.8,-3.99,-0.32,8.2,27.96,0.050306748,0.13773399,3.67,19.76,4.649,0.662,340
FGFR1,T340V,benign,P11362,550.166,549.789,0,-0.7,4.2,116.1,140.0,96.16,Beta strand,822,True,False,T,V,-0.377,4.9,23.9,-3.99,-3.16,8.2,10.51,0.050306748,0.06369697,0.83,2.31,4.649,0.662,340
FGFR1,L342F,benign,P11362,551.88,552.201,0,3.8,2.8,166.7,189.9,94.23,Beta strand,822,True,False,L,F,0.321,-1.0,23.2,-2.09,-7.92,38.12,62.74,0.199581152,0.275175439,-5.83,24.62,3.934,0.578,342
FGFR1,L342K,benign,P11362,551.88,552.273,-2,3.8,-3.9,166.7,168.6,94.23,Beta strand,822,True,False,L,K,0.393,-7.7,1.9,-2.09,5.06,38.12,73.68,0.199581152,0.320347826,7.15,35.56,3.934,0.578,342
FGFR1,A343S,benign,P11362,552.836,554.591,1,1.8,-0.8,88.6,89.0,91.6,Beta strand,822,True,False,A,S,1.755,-2.6,0.4,0.0,0.0,0.0,0.0,0.0,0.0,0.0,0.0,4.532,0.578,343
FGFR1,G344S,benign,P11362,552.949,553.038,0,-0.4,-0.8,60.1,89.0,88.59,Beta strand,822,True,False,G,S,0.089,-0.4,28.9,-4.32,-2.36,10.01,27.59,0.103195876,0.192937063,1.96,17.58,4.561,0.741,344
FGFR1,S346G,benign,P11362,548.483,548.788,0,-0.8,-0.4,89.0,60.1,82.02,Loop,822,True,False,S,G,0.305,0.4,-28.9,-16.77,-15.7,91.91,69.29,0.642727273,0.714329897,1.07,-22.62,4.119,0.621,346
FGFR1,S346Y,benign,P11362,548.483,548.18,-2,-0.8,-1.3,89.0,193.6,82.02,Loop,822,True,False,S,Y,-0.303,-0.5,104.6,-16.77,-17.8,91.91,153.7,0.642727273,0.602745098,-1.03,61.79,4.119,0.621,346
FGFR1,I347A,benign,P11362,550.523,551.869,-1,4.5,1.8,166.7,88.6,79.53,Loop,822,True,False,I,A,1.346,-2.7,-78.1,-0.4,-6.72,85.38,68.13,0.437846154,0.563057851,-6.32,-17.25,5.19,0.135,347
FGFR1,L349E,benign,P11362,552.726,553.105,-3,3.8,-3.5,166.7,138.4,91.21,Beta strand,822,True,False,L,E,0.379,-7.3,-28.3,-4.98,-0.03,119.35,114.63,0.62486911,0.535654206,4.95,-4.72,2.981,1.835,349
FGFR1,L349I,benign,P11362,552.726,553.355,2,3.8,4.5,166.7,166.7,91.21,Beta strand,822,True,False,L,I,0.629,0.7,0.0,-4.98,-5.57,119.35,116.26,0.62486911,0.596205128,-0.59,-3.09,2.981,1.835,349
FGFR1,L349P,benign,P11362,552.726,554.112,-3,3.8,-1.6,166.7,112.7,91.21,Beta strand,822,True,False,L,P,1.386,-5.4,-54.0,-4.98,-3.94,119.35,94.03,0.62486911,0.610584416,1.04,-25.32,2.981,1.835,349
FGFR1,S350A,benign,P11362,552.786,553.031,1,-0.8,1.8,89.0,88.6,92.04,Beta strand,822,True,False,S,A,0.245,2.6,-0.4,-4.05,-4.26,16.96,16.34,0.118601399,0.135041322,-0.21,-0.62,4.119,0.621,350
FGFR1,S350R,benign,P11362,552.786,553.245,-1,-0.8,-4.5,89.0,173.4,92.04,Beta strand,822,True,False,S,R,0.459,-3.7,84.4,-4.05,3.95,16.96,90.53,0.118601399,0.341622642,8.0,73.57,4.119,0.621,350
FGFR1,H351M,benign,P11362,552.224,551.207,-2,-3.2,1.9,153.2,162.9,94.18,Beta strand,822,True,False,H,M,-1.017,5.1,9.7,-9.86,-0.65,125.59,111.67,0.581435185,0.550098522,9.21,-13.92,5.226,1.439,351
FGFR1,H351N,benign,P11362,552.224,552.726,1,-3.2,-3.5,153.2,114.1,94.18,Beta strand,822,True,False,H,N,0.502,-0.3,-39.1,-9.86,-6.15,125.59,95.52,0.581435185,0.510802139,3.71,-30.07,5.226,1.439,351
FGFR1,H352Q,benign,P11362,551.034,550.553,0,-3.2,-3.5,153.2,143.8,95.14,Beta strand,822,True,False,H,Q,-0.481,-0.3,-9.4,-0.57,-5.5,66.77,81.98,0.30912037,0.383084112,-4.93,15.21,5.852,0.531,352
FGFR1,S353G,benign,P11362,552.654,553.545,0,-0.8,-0.4,89.0,60.1,95.75,Beta strand,822,True,False,S,G,0.891,0.4,-28.9,-5.4,-4.44,35.96,33.67,0.251468531,0.347113402,0.96,-2.29,4.07,0.694,353
FGFR1,A354V,benign,P11362,550.984,553.317,0,1.8,4.2,88.6,140.0,96.55,Beta strand,822,True,False,A,V,2.333,2.4,51.4,-5.17,-5.14,2.5,2.6,0.020661157,0.015757576,0.03,0.1,4.679,0.071,354
FGFR1,W355L,benign,P11362,552.57,551.556,-2,-0.9,3.8,227.8,166.7,97.12,Beta strand,822,True,False,W,L,-1.014,4.7,-61.1,-9.48,-1.28,124.03,68.37,0.469810606,0.357958115,8.2,-55.66,6.513,0.135,355
FGFR1,L356R,benign,P11362,550.544,559.602,-2,3.8,-4.5,166.7,173.4,96.99,Beta strand,822,True,False,L,R,9.058,-8.3,6.7,0.0,0.0,0.03,0.03,0.000157068,0.000113208,0.0,0.0,4.083,0.135,356
FGFR1,T357A,benign,P11362,552.534,553.047,0,-0.7,1.8,116.1,88.6,95.21,Beta strand,822,True,False,T,A,0.513,2.5,-27.5,-8.37,-9.34,54.0,26.59,0.331288344,0.219752066,-0.97,-27.41,4.799,0.135,357
FGFR1,V358C,benign,P11362,548.949,551.2,-1,4.2,2.5,140.0,108.5,93.82,Beta strand,822,True,False,V,C,2.251,-1.7,-31.5,-9.16,-9.17,13.97,13.99,0.084666667,0.094527027,-0.01,0.02,4.353,0.135,358
FGFR1,L359T,benign,P11362,552.839,552.935,-1,3.8,-0.7,166.7,116.1,90.41,Beta strand,822,True,False,L,T,0.096,-4.5,-50.6,-5.25,-5.69,96.76,57.54,0.506596859,0.353006135,-0.44,-39.22,3.972,0.714,359
FGFR1,E360K,benign,P11362,551.954,551.781,1,-3.5,-3.9,138.4,168.6,83.21,Loop,822,True,False,E,K,-0.173,-0.4,30.2,-7.91,-9.98,123.44,123.68,0.57682243,0.53773913,-2.07,0.24,3.788,1.448,360
FGFR1,E360P,benign,P11362,551.954,550.863,-1,-3.5,-1.6,138.4,112.7,83.21,Loop,822,True,False,E,P,-1.091,1.9,-25.7,-7.91,-13.99,123.44,81.87,0.57682243,0.531623377,-6.08,-41.57,3.788,1.448,360
FGFR1,E360R,benign,P11362,551.954,551.781,0,-3.5,-4.5,138.4,173.4,83.21,Loop,822,True,False,E,R,-0.173,-1.0,35.0,-7.91,-8.17,123.44,155.0,0.57682243,0.58490566,-0.26,31.56,3.788,1.448,360
FGFR1,E363D,benign,P11362,552.472,551.082,2,-3.5,-3.5,138.4,111.1,53.44,Loop,822,True,False,E,D,-1.39,0.0,-27.3,0.86,-2.16,169.4,133.66,0.791588785,0.714759358,-3.02,-35.74,4.142,1.482,363
FGFR1,E364D,benign,P11362,552.274,552.512,2,-3.5,-3.5,138.4,111.1,49.58,Loop,822,True,False,E,D,0.238,0.0,-27.3,-9.94,-6.29,153.93,113.65,0.719299065,0.607754011,3.65,-40.28,3.663,2.013,364
FGFR1,A367T,benign,P11362,552.282,552.295,0,1.8,-0.7,88.6,116.1,42.46,Loop,822,True,False,A,T,0.013,-2.5,27.5,-25.01,-28.56,85.55,94.76,0.707024793,0.581349693,-3.55,9.21,3.988,1.521,367
FGFR1,A367V,benign,P11362,552.282,552.606,0,1.8,4.2,88.6,140.0,42.46,Loop,822,True,False,A,V,0.324,2.4,51.4,-25.01,-29.8,85.55,102.59,0.707024793,0.621757576,-4.79,17.04,3.988,1.521,367
FGFR1,V368A,benign,P11362,552.263,553.565,0,4.2,1.8,140.0,88.6,44.26,Loop,822,True,False,V,A,1.302,-2.4,-51.4,-17.34,-17.53,132.65,82.96,0.803939394,0.685619835,-0.19,-49.69,3.405,2.241,368
FGFR1,V368G,benign,P11362,552.263,551.938,-3,4.2,-0.4,140.0,60.1,44.26,Loop,822,True,False,V,G,-0.325,-4.6,-79.9,-17.34,-16.35,132.65,62.82,0.803939394,0.647628866,0.99,-69.83,3.405,2.241,368
FGFR1,M369I,benign,P11362,551.913,552.493,1,1.9,4.5,162.9,166.7,41.49,Loop,822,True,False,M,I,0.58,2.6,3.8,-23.06,-20.28,157.66,136.21,0.776650246,0.698512821,2.78,-21.45,4.921,1.73,369
FGFR1,T370A,benign,P11362,551.111,551.686,0,-0.7,1.8,116.1,88.6,46.95,Loop,822,True,False,T,A,0.575,2.5,-27.5,-35.65,-39.01,118.91,85.75,0.729509202,0.708677686,-3.36,-33.16,4.338,1.14,370
FGFR1,T370P,benign,P11362,551.111,553.142,-1,-0.7,-1.6,116.1,112.7,46.95,Loop,822,True,False,T,P,2.031,-0.9,-3.4,-35.65,-37.12,118.91,99.25,0.729509202,0.644480519,-1.47,-19.66,4.338,1.14,370
FGFR1,L373F,benign,P11362,551.033,551.088,0,3.8,2.8,166.7,189.9,67.58,Loop,822,True,False,L,F,0.055,-1.0,23.2,-63.9,-73.9,116.58,130.93,0.610366492,0.574254386,-10.0,14.35,3.283,1.595,373
FGFR1,L373V,benign,P11362,551.033,551.725,1,3.8,4.2,166.7,140.0,67.58,Loop,822,True,False,L,V,0.692,0.4,-26.7,-63.9,-63.03,116.58,84.01,0.610366492,0.509151515,0.87,-32.57,3.283,1.595,373
FGFR1,I377V,benign,P11362,551.675,552.465,3,4.5,4.2,166.7,140.0,78.54,Loop,822,True,True,I,V,0.79,-0.3,-26.7,-111.8,-110.3,83.18,62.84,0.426564103,0.380848485,1.5,-20.34,5.178,0.286,377
FGFR1,T382A,benign,P11362,551.711,551.819,0,-0.7,1.8,116.1,88.6,87.86,Loop,822,True,True,T,A,0.108,2.5,-27.5,-78.08,-77.33,66.27,46.68,0.406564417,0.385785124,0.75,-19.59,4.082,1.215,382
FGFR1,V391A,benign,P11362,550.779,550.976,0,4.2,1.8,140.0,88.6,81.53,Loop,822,True,True,V,A,0.197,-2.4,-51.4,-53.94,-52.49,80.53,39.09,0.488060606,0.323057851,1.45,-41.44,4.291,0.404,391
FGFR1,V391L,benign,P11362,550.779,549.385,1,4.2,3.8,140.0,166.7,81.53,Loop,822,True,True,V,L,-1.394,-0.4,26.7,-53.94,-52.71,80.53,78.64,0.488060606,0.411727749,1.23,-1.89,4.291,0.404,391
FGFR1,G392V,benign,P11362,550.789,550.444,-3,-0.4,4.2,60.1,140.0,82.27,Loop,822,True,True,G,V,-0.345,4.6,79.9,-57.61,-58.87,31.86,90.44,0.328453608,0.548121212,-1.26,58.58,3.792,1.716,392
FGFR1,S393A,benign,P11362,551.845,551.153,1,-0.8,1.8,89.0,88.6,75.71,Loop,822,True,True,S,A,-0.692,2.6,-0.4,-25.27,-21.36,47.51,26.86,0.332237762,0.221983471,3.91,-20.65,3.271,1.526,393
FGFR1,S393T,benign,P11362,551.845,551.899,1,-0.8,-0.7,89.0,116.1,75.71,Loop,822,True,True,S,T,0.054,0.1,27.1,-25.27,-22.36,47.51,48.56,0.332237762,0.29791411,2.91,1.05,3.271,1.526,393
FGFR1,V394A,benign,P11362,549.914,550.21,0,4.2,1.8,140.0,88.6,73.43,Loop,822,True,True,V,A,0.296,-2.4,-51.4,-17.5,-13.64,64.45,45.38,0.390606061,0.375041322,3.86,-19.07,4.261,0.637,394
FGFR1,I395V,benign,P11362,551.366,552.035,3,4.5,4.2,166.7,140.0,71.05,Loop,822,True,True,I,V,0.669,-0.3,-26.7,-40.1,-37.05,102.84,80.2,0.527384615,0.486060606,3.05,-22.64,5.112,0.556,395
FGFR1,V396I,benign,P11362,550.643,550.469,3,4.2,4.5,140.0,166.7,72.36,Loop,822,True,True,V,I,-0.174,0.3,26.7,-9.9,-16.27,88.1,87.24,0.533939394,0.447384615,-6.37,-0.86,1.917,1.731,396
FGFR1,V396T,benign,P11362,550.643,551.422,0,4.2,-0.7,140.0,116.1,72.36,Loop,822,True,True,V,T,0.779,-4.9,-23.9,-9.9,-8.09,88.1,67.93,0.533939394,0.416748466,1.81,-20.17,1.917,1.731,396
FGFR1,Y397C,benign,P11362,550.683,551.469,-2,-1.3,2.5,193.6,108.5,65.15,Loop,822,True,True,Y,C,0.786,3.8,-85.1,-20.06,-4.55,148.07,73.92,0.580666667,0.499459459,15.51,-74.15,4.72,1.301,397
FGFR1,M399T,benign,P11362,551.209,552.537,-1,1.9,-0.7,162.9,116.1,58.41,Loop,822,True,False,M,T,1.328,-2.6,-46.8,-9.38,-4.0,156.99,109.22,0.773349754,0.67006135,5.38,-47.77,5.576,0.356,399
FGFR1,G402N,benign,P11362,552.3,554.107,0,-0.4,-3.5,60.1,114.1,38.42,Loop,822,True,False,G,N,1.807,-3.1,54.0,-3.02,-1.15,53.91,114.92,0.555773196,0.614545455,1.87,61.01,3.724,1.423,402
FGFR1,G402S,benign,P11362,552.3,554.072,0,-0.4,-0.8,60.1,89.0,38.42,Loop,822,True,False,G,S,1.772,-0.4,28.9,-3.02,-1.62,53.91,81.8,0.555773196,0.572027972,1.4,27.89,3.724,1.423,402
FGFR1,V427L,benign,P11362,552.198,551.331,1,4.2,3.8,140.0,166.7,35.64,Loop,822,True,False,V,L,-0.867,-0.4,26.7,-0.61,-1.04,123.77,148.92,0.750121212,0.779685864,-0.43,25.15,3.548,1.152,427
FGFR1,V427W,benign,P11362,552.198,551.705,-3,4.2,-0.9,140.0,227.8,35.64,Loop,822,True,False,V,W,-0.493,-5.1,87.8,-0.61,-13.46,123.77,220.75,0.750121212,0.836174242,-12.85,96.98,3.548,1.152,427
FGFR1,T428Q,benign,P11362,552.692,551.794,-1,-0.7,-3.5,116.1,143.8,30.74,Loop,822,True,False,T,Q,-0.898,-2.8,27.7,-1.3,0.97,116.58,144.21,0.715214724,0.673878505,2.27,27.63,4.003,1.142,428
FGFR1,A435T,benign,P11362,552.48,555.216,0,1.8,-0.7,88.6,116.1,33.67,Loop,822,True,False,A,T,2.736,-2.5,27.5,-0.19,0.89,93.07,119.57,0.769173554,0.733558282,1.08,26.5,3.771,1.027,435
FGFR1,L457P,benign,P11362,552.514,551.923,-3,3.8,-1.6,166.7,112.7,42.45,Loop,822,True,False,L,P,-0.591,-5.4,-54.0,-5.44,-3.62,154.97,96.02,0.811361257,0.623506494,1.82,-58.95,4.086,0.02,457
FGFR1,R477K,benign,P11362,548.328,549.249,2,-4.5,-3.9,173.4,168.6,94.74,Helix,822,True,False,R,K,0.921,0.6,-4.8,3.23,0.42,97.66,58.18,0.368528302,0.252956522,-2.81,-39.48,4.366,0.921,477
FGFR1,P483A,benign,P11362,553.004,554.027,-1,-1.6,1.8,112.7,88.6,89.67,Beta strand,822,True,False,P,A,1.023,3.4,-24.1,-1.05,0.04,87.54,61.0,0.568441558,0.504132231,1.09,-26.54,4.516,0.062,483
FGFR1,I498S,benign,P11362,552.47,555.083,-2,4.5,-0.8,166.7,89.0,95.45,Beta strand,822,True,False,I,S,2.613,-5.3,-77.7,-1.08,0.76,57.0,36.42,0.292307692,0.254685315,1.84,-20.58,4.524,1.211,498
FGFR1,I498V,benign,P11362,552.47,553.394,3,4.5,4.2,166.7,140.0,95.45,Beta strand,822,True,False,I,V,0.924,-0.3,-26.7,-1.08,-0.79,57.0,42.12,0.292307692,0.255272727,0.29,-14.88,4.524,1.211,498
FGFR1,K504R,benign,P11362,550.908,550.594,2,-3.9,-4.5,168.6,173.4,90.52,Loop,822,True,False,K,R,-0.314,-0.6,4.8,4.72,12.36,108.8,152.24,0.473043478,0.574490566,7.64,43.44,4.487,0.568,504
FGFR1,N506H,benign,P11362,552.926,553.134,1,-3.5,-3.2,114.1,153.2,90.07,Loop,822,True,False,N,H,0.208,0.3,39.1,2.34,-1.06,131.12,148.12,0.701176471,0.685740741,-3.4,17.0,4.655,1.034,506
FGFR1,N506S,benign,P11362,552.926,553.175,1,-3.5,-0.8,114.1,89.0,90.07,Loop,822,True,False,N,S,0.249,2.7,-25.1,2.34,1.14,131.12,97.45,0.701176471,0.681468531,-1.2,-33.67,4.655,1.034,506
FGFR1,S518A,benign,P11362,552.125,551.905,1,-0.8,1.8,89.0,88.6,83.86,Loop,822,True,False,S,A,-0.22,2.6,-0.4,-10.09,-10.5,113.98,119.25,0.797062937,0.98553719,-0.41,5.27,3.587,1.287,518
FGFR1,S518P,benign,P11362,552.125,550.944,-1,-0.8,-1.6,89.0,112.7,83.86,Loop,822,True,False,S,P,-1.181,-0.8,23.7,-10.09,-11.27,113.98,138.36,0.797062937,0.898441558,-1.18,24.38,3.587,1.287,518
FGFR1,T521A,benign,P11362,550.86,551.56,0,-0.7,1.8,116.1,88.6,84.31,Loop,822,True,False,T,A,0.7,2.5,-27.5,-3.73,-2.81,79.54,55.83,0.48797546,0.461404959,0.92,-23.71,4.787,0.22,521
FGFR1,D554E,benign,P11362,549.878,549.665,2,-3.5,-3.5,111.1,138.4,87.88,Beta strand,822,True,False,D,E,-0.213,0.0,27.3,3.65,3.18,145.17,159.95,0.77631016,0.747429907,-0.47,14.78,4.689,0.045,554
FGFR1,D554G,benign,P11362,549.878,550.006,-1,-3.5,-0.4,111.1,60.1,87.88,Beta strand,822,True,False,D,G,0.128,3.1,-51.0,3.65,-0.11,145.17,82.6,0.77631016,0.851546392,-3.76,-62.57,4.689,0.045,554
FGFR1,Y572F,benign,P11362,548.875,548.235,3,-1.3,2.8,193.6,189.9,94.93,Helix,822,True,False,Y,F,-0.64,4.1,-3.7,0.06,-0.42,11.87,9.2,0.04654902,0.040350877,-0.48,-2.67,5.359,0.13,572
FGFR1,S588G,benign,P11362,552.696,552.806,0,-0.8,-0.4,89.0,60.1,46.36,Beta strand,822,True,False,S,G,0.11,0.4,-28.9,-8.23,-8.93,99.88,71.74,0.698461538,0.739587629,-0.7,-28.14,3.383,1.758,588
FGFR1,S588R,benign,P11362,552.696,552.2,-1,-0.8,-4.5,89.0,173.4,46.36,Beta strand,822,True,False,S,R,-0.496,-3.7,84.4,-8.23,-3.97,99.88,206.39,0.698461538,0.778830189,4.26,106.51,3.383,1.758,588
FGFR1,S588T,benign,P11362,552.696,552.875,1,-0.8,-0.7,89.0,116.1,46.36,Beta strand,822,True,False,S,T,0.179,0.1,27.1,-8.23,-8.43,99.88,114.87,0.698461538,0.704723926,-0.2,14.99,3.383,1.758,588
FGFR1,H589R,benign,P11362,550.891,551.288,0,-3.2,-4.5,153.2,173.4,52.98,Loop,822,True,False,H,R,0.397,-1.3,20.2,-0.82,6.35,106.8,136.19,0.494444444,0.513924528,7.17,29.39,5.08,1.335,589
FGFR1,N590A,benign,P11362,552.798,553.021,-2,-3.5,1.8,114.1,88.6,54.85,Loop,822,True,False,N,A,0.223,5.3,-25.5,2.44,-1.07,135.1,85.69,0.722459893,0.708181818,-3.51,-49.41,4.024,1.803,590
FGFR1,N590D,benign,P11362,552.798,552.716,1,-3.5,-3.5,114.1,111.1,54.85,Loop,822,True,False,N,D,-0.082,0.0,-3.0,2.44,3.02,135.1,123.19,0.722459893,0.658770053,0.58,-11.91,4.024,1.803,590
FGFR1,N590H,benign,P11362,552.798,552.851,1,-3.5,-3.2,114.1,153.2,54.85,Loop,822,True,False,N,H,0.053,0.3,39.1,2.44,-3.29,135.1,161.07,0.722459893,0.745694444,-5.73,25.97,4.024,1.803,590
FGFR1,N590S,benign,P11362,552.798,553.07,1,-3.5,-0.8,114.1,89.0,54.85,Loop,822,True,False,N,S,0.272,2.7,-25.1,2.44,1.27,135.1,96.03,0.722459893,0.671538462,-1.17,-39.07,4.024,1.803,590
FGFR1,Q594L,benign,P11362,551.461,550.588,-2,-3.5,3.8,143.8,166.7,82.0,Loop,822,True,False,Q,L,-0.873,7.3,22.9,1.97,-0.48,110.83,79.04,0.517897196,0.41382199,-2.45,-31.79,5.78,0.526,594
FGFR1,K598Q,benign,P11362,548.647,548.753,1,-3.9,-3.5,168.6,143.8,90.74,Helix,822,True,False,K,Q,0.106,0.4,-24.8,2.73,1.01,67.19,49.63,0.292130435,0.231915888,-1.72,-17.56,4.688,0.094,598
FGFR1,K598R,benign,P11362,548.647,548.451,2,-3.9,-4.5,168.6,173.4,90.74,Helix,822,True,False,K,R,-0.196,-0.6,4.8,2.73,3.5,67.19,82.3,0.292130435,0.310566038,0.77,15.11,4.688,0.094,598
FGFR1,V601I,benign,P11362,550.635,549.739,3,4.2,4.5,140.0,166.7,95.08,Helix,822,True,False,V,I,-0.896,0.3,26.7,-0.07,-0.07,4.55,5.66,0.027575758,0.029025641,0.0,1.11,4.353,0.041,601
FGFR1,N635S,benign,P11362,548.908,550.742,1,-3.5,-0.8,114.1,89.0,95.05,Loop,822,True,False,N,S,1.834,2.7,-25.1,1.47,-0.08,68.08,44.22,0.364064171,0.309230769,-1.55,-23.86,5.279,0.23,635
FGFR1,G660D,benign,P11362,549.778,548.887,-1,-0.4,-3.5,60.1,111.1,50.45,Beta strand,822,True,False,G,D,-0.891,-3.1,51.0,-4.7,1.73,40.13,76.95,0.41371134,0.411497326,6.43,36.82,4.727,0.074,660
FGFR1,R661G,benign,P11362,548.966,550.227,-2,-4.5,-0.4,173.4,60.1,60.98,Loop,822,True,False,R,G,1.261,4.1,-113.3,-9.38,-11.65,186.0,80.62,0.701886792,0.831134021,-2.27,-105.38,4.985,0.074,661
FGFR1,L662A,benign,P11362,549.544,551.297,-1,3.8,1.8,166.7,88.6,71.67,Loop,822,True,False,L,A,1.753,-2.0,-78.1,-14.83,-13.62,66.78,47.63,0.349633508,0.393636364,1.21,-19.15,4.086,0.074,662
FGFR1,P663A,benign,P11362,544.794,546.637,-1,-1.6,1.8,112.7,88.6,86.22,Helix,822,True,False,P,A,1.843,3.4,-24.1,-14.21,-12.78,15.75,15.25,0.102272727,0.126033058,1.43,-0.5,4.527,0.074,663
FGFR1,V664L,benign,P11362,548.335,547.888,1,4.2,3.8,140.0,166.7,89.1,Helix,822,True,False,V,L,-0.447,-0.4,26.7,-7.92,-10.22,22.22,17.95,0.134666667,0.093979058,-2.3,-4.27,4.356,0.074,664
FGFR1,K665C,benign,P11362,548.436,551.19,-3,-3.9,2.5,168.6,108.5,92.69,Helix,822,True,False,K,C,2.754,6.4,-60.1,-8.41,-10.11,33.69,17.49,0.146478261,0.118175676,-1.7,-16.2,4.708,0.074,665
FGFR1,M667L,benign,P11362,550.437,550.655,2,1.9,3.8,162.9,166.7,92.75,Loop,822,True,False,M,L,0.218,1.9,3.8,-6.18,-7.88,5.98,5.24,0.029458128,0.027434555,-1.7,-0.74,5.632,0.074,667
FGFR1,A668T,benign,P11362,543.322,549.751,0,1.8,-0.7,88.6,116.1,95.14,Loop,822,True,False,A,T,6.429,-2.5,27.5,-7.73,-0.24,0.75,1.1,0.006198347,0.006748466,7.49,0.35,4.685,0.074,668
FGFR1,E670C,benign,P11362,549.62,554.933,-4,-3.5,2.5,138.4,108.5,92.1,Helix,822,True,False,E,C,5.313,6.0,-29.9,-7.34,-0.84,16.77,20.05,0.078364486,0.135472973,6.5,3.28,4.566,0.074,670
FGFR1,A671G,benign,P11362,545.032,546.562,0,1.8,-0.4,88.6,60.1,90.38,Helix,822,True,False,A,G,1.53,-2.2,-28.5,-7.31,-3.39,3.96,3.35,0.032727273,0.034536082,3.92,-0.61,4.685,0.074,671
FGFR1,T678S,benign,P11362,550.223,550.745,1,-0.7,-0.8,116.1,89.0,92.25,Beta strand,822,True,False,T,S,0.522,-0.1,-27.1,-5.91,-3.45,32.87,23.11,0.201656442,0.161608392,2.46,-9.76,4.801,0.074,678
FGFR1,H679P,benign,P11362,550.602,547.628,-2,-3.2,-1.6,153.2,112.7,94.52,Helix,822,True,False,H,P,-2.974,1.6,-40.5,-4.28,-0.71,43.69,39.83,0.202268519,0.258636364,3.57,-3.86,6.001,0.115,679
FGFR1,Q680P,benign,P11362,551.128,550.814,-1,-3.5,-1.6,143.8,112.7,97.09,Helix,822,True,False,Q,P,-0.314,1.9,-31.1,-4.4,-2.44,31.5,43.0,0.147196262,0.279220779,1.96,11.5,5.803,0.14,680
FGFR1,S681I,benign,P11362,544.839,548.071,-2,-0.8,4.5,89.0,166.7,95.52,Helix,822,True,False,S,I,3.232,5.3,77.7,-10.85,-10.25,4.54,2.85,0.031748252,0.014615385,0.6,-1.69,4.274,0.074,681
FGFR1,D682C,benign,P11362,545.804,547.331,-3,-3.5,2.5,111.1,108.5,97.54,Helix,822,True,False,D,C,1.527,6.0,-2.6,-6.31,-7.59,1.65,3.85,0.008823529,0.026013514,-1.28,2.2,4.695,0.074,682
FGFR1,V683R,benign,P11362,548.467,553.901,-3,4.2,-4.5,140.0,173.4,98.62,Helix,822,True,False,V,R,5.434,-8.7,33.4,-3.27,1.21,0.28,20.73,0.00169697,0.078226415,4.48,20.45,4.356,0.074,683
FGFR1,Y701N,benign,P11362,548.005,549.817,-2,-1.3,-3.5,193.6,114.1,89.22,Loop,822,True,False,Y,N,1.812,-2.2,-79.5,-7.72,-2.37,2.85,6.92,0.011176471,0.037005348,5.35,4.07,5.37,0.022,701
FGFR1,S723T,benign,P11362,551.425,551.353,1,-0.8,-0.7,89.0,116.1,84.31,Beta strand,822,True,False,S,T,-0.072,0.1,27.1,-0.23,0.48,101.99,113.36,0.713216783,0.695460123,0.71,11.37,3.559,1.248,723
FGFR1,N727H,benign,P11362,550.349,550.449,1,-3.5,-3.2,114.1,153.2,91.57,Helix,822,True,False,N,H,0.1,0.3,39.1,1.37,-1.85,100.87,121.51,0.539411765,0.562546296,-3.22,20.64,5.282,0.353,727
FGFR1,E728D,benign,P11362,551.327,552.037,2,-3.5,-3.5,138.4,111.1,93.71,Helix,822,True,False,E,D,0.71,0.0,-27.3,-0.39,0.08,88.66,101.73,0.414299065,0.544010695,0.47,13.07,4.551,0.21,728
FGFR1,H738N,benign,P11362,552.599,553.255,1,-3.2,-3.5,153.2,114.1,97.49,Loop,822,True,False,H,N,0.656,-0.3,-39.1,3.7,1.26,75.25,52.91,0.34837963,0.282941176,-2.44,-22.34,5.989,0.167,738
FGFR1,V740I,benign,P11362,552.52,551.962,3,4.2,4.5,140.0,166.7,94.17,Loop,822,True,False,V,I,-0.558,0.3,26.7,-1.45,-1.86,75.71,96.54,0.458848485,0.495076923,-0.41,20.83,4.321,0.284,740
FGFR1,N763S,benign,P11362,551.714,550.867,1,-3.5,-0.8,114.1,89.0,60.83,Loop,822,True,False,N,S,-0.847,2.7,-25.1,-7.54,-10.37,96.95,58.35,0.518449198,0.408041958,-2.83,-38.6,5.311,0.278,763
FGFR1,M771I,benign,P11362,552.493,552.79,1,1.9,4.5,162.9,166.7,41.27,Loop,822,True,False,M,I,0.297,2.6,3.8,-17.26,-18.13,142.03,121.41,0.699655172,0.622615385,-0.87,-20.62,4.658,2.091,771
FGFR1,M771V,benign,P11362,552.493,552.921,1,1.9,4.2,162.9,140.0,41.27,Loop,822,True,False,M,V,0.428,2.3,-22.9,-17.26,-17.28,142.03,100.62,0.699655172,0.609818182,-0.02,-41.41,4.658,2.091,771
FGFR1,Y776D,benign,P11362,552.492,552.77,-3,-1.3,-3.5,193.6,111.1,31.07,Loop,822,True,False,Y,D,0.278,-2.2,-82.5,-24.42,-10.89,218.29,129.62,0.856039216,0.69315508,13.53,-88.67,5.338,0.546,776
FGFR1,S779G,benign,P11362,552.346,553.126,0,-0.8,-0.4,89.0,60.1,36.64,Loop,822,True,False,S,G,0.78,0.4,-28.9,-21.27,-22.44,107.94,70.99,0.754825175,0.73185567,-1.17,-36.95,4.053,0.96,779
FGFR1,T783A,benign,P11362,553.054,553.133,0,-0.7,1.8,116.1,88.6,38.29,Loop,822,True,False,T,A,0.079,2.5,-27.5,-10.86,-11.23,105.47,72.13,0.647055215,0.596115702,-0.37,-33.34,4.736,0.587,783
FGFR1,E799D,benign,P11362,552.539,552.777,2,-3.5,-3.5,138.4,111.1,37.64,Loop,822,True,False,E,D,0.238,0.0,-27.3,-9.44,-13.3,153.75,130.55,0.718457944,0.698128342,-3.86,-23.2,3.498,1.463,799
FGFR1,L801F,benign,P11362,552.808,552.403,0,3.8,2.8,166.7,189.9,38.55,Loop,822,True,False,L,F,-0.405,-1.0,23.2,-9.76,-18.24,164.91,173.18,0.863403141,0.759561404,-8.48,8.27,3.371,1.677,801
FGFR1,H810P,benign,P11362,552.658,554.667,-2,-3.2,-1.6,153.2,112.7,37.13,Loop,822,True,False,H,P,2.009,1.6,-40.5,-1.58,-0.74,190.18,131.52,0.880462963,0.854025974,0.84,-58.66,4.93,2.18,810
FGFR1,H810Q,benign,P11362,552.658,552.328,0,-3.2,-3.5,153.2,143.8,37.13,Loop,822,True,False,H,Q,-0.33,-0.3,-9.4,-1.58,2.19,190.18,176.37,0.880462963,0.824158879,3.77,-13.81,4.93,2.18,810
FGFR1,H810R,benign,P11362,552.658,552.111,0,-3.2,-4.5,153.2,173.4,37.13,Loop,822,True,False,H,R,-0.547,-1.3,20.2,-1.58,5.17,190.18,227.5,0.880462963,0.858490566,6.75,37.32,4.93,2.18,810
FGFR1,P811Q,benign,P11362,552.526,552.215,-1,-1.6,-3.5,112.7,143.8,36.52,Loop,822,True,False,P,Q,-0.311,-1.9,31.1,-3.46,0.09,115.54,162.74,0.75025974,0.76046729,3.55,47.2,4.127,1.113,811
FGFR1,P811S,benign,P11362,552.526,552.997,-1,-1.6,-0.8,112.7,89.0,36.52,Loop,822,True,False,P,S,0.471,0.8,-23.7,-3.46,0.05,115.54,109.11,0.75025974,0.763006993,3.51,-6.43,4.127,1.113,811
FGFR1,A812I,benign,P11362,552.744,554.482,-1,1.8,4.5,88.6,166.7,36.2,Loop,822,True,False,A,I,1.738,2.7,78.1,-1.73,-3.71,92.07,139.53,0.760909091,0.715538462,-1.98,47.46,3.284,2.134,812
FGFR1,A812P,benign,P11362,552.744,557.298,-1,1.8,-1.6,88.6,112.7,36.2,Loop,822,True,False,A,P,4.554,-3.4,24.1,-1.73,-2.36,92.07,102.75,0.760909091,0.667207792,-0.63,10.68,3.284,2.134,812
FGFR1,A812T,benign,P11362,552.744,555.022,0,1.8,-0.7,88.6,116.1,36.2,Loop,822,True,False,A,T,2.278,-2.5,27.5,-1.73,-0.95,92.07,108.91,0.760909091,0.668159509,0.78,16.84,3.284,2.134,812
FGFR1,Q813P,benign,P11362,552.844,559.116,-1,-3.5,-1.6,143.8,112.7,38.69,Loop,822,True,False,Q,P,6.272,1.9,-31.1,0.05,-6.26,161.24,119.62,0.753457944,0.776753247,-6.31,-41.62,5.264,1.59,813
FGFR1,L814H,benign,P11362,552.563,552.749,-3,3.8,-3.2,166.7,153.2,36.95,Loop,822,True,False,L,H,0.186,-7.0,-13.5,-1.74,1.23,165.54,176.64,0.866701571,0.817777778,2.97,11.1,3.101,1.892,814
FGFR1,G817S,benign,P11362,552.963,556.478,0,-0.4,-0.8,60.1,89.0,41.88,Loop,822,True,False,G,S,3.515,-0.4,28.9,0.35,2.41,79.58,123.89,0.820412371,0.866363636,2.06,44.31,4.603,1.01,817
FGFR1,K820N,benign,P11362,552.307,551.26,0,-3.9,-3.5,168.6,114.1,39.74,Loop,822,True,False,K,N,-1.047,0.4,-54.5,4.91,2.34,148.57,117.79,0.645956522,0.629893048,-2.57,-30.78,4.622,0.665,820
FGFR1,R821P,benign,P11362,552.255,554.073,-2,-4.5,-1.6,173.4,112.7,44.37,Loop,822,True,False,R,P,1.818,2.9,-60.7,5.78,9.9,207.16,115.82,0.781735849,0.752077922,4.12,-91.34,4.182,1.737,821
FGFR1,E294K,pathogenic,,551.782,551.148,1,-3.5,-3.9,138.4,168.6,90.25,Loop,822,True,False,E,K,-0.634,-0.4,30.2,-7.34,-2.8,106.3,141.64,0.496728972,0.615826087,4.54,35.34,4.557,0.098,294
FGFR1,N296I,pathogenic,,552.939,555.991,-3,-3.5,4.5,114.1,166.7,87.15,Beta strand,822,True,False,N,I,3.052,8.0,52.6,-5.22,-9.58,157.12,170.7,0.840213904,0.875384615,-4.36,13.58,5.317,0.0,296
FGFR1,H253P,pathogenic,,550.772,552.113,-2,-3.2,-1.6,153.2,112.7,74.64,Loop,822,True,False,H,P,1.341,1.6,-40.5,-5.01,-3.85,62.33,45.77,0.288564815,0.297207792,1.16,-16.56,5.998,0.085,253
FGFR1,S353C,pathogenic,,552.654,552.617,-1,-0.8,2.5,89.0,108.5,95.75,Beta strand,822,True,False,S,C,-0.037,3.3,19.5,-5.4,-3.92,35.96,46.99,0.251468531,0.3175,1.48,11.03,4.07,0.694,353
FGFR1,M719R,pathogenic,,543.918,547.709,-1,1.9,-4.5,162.9,173.4,93.83,Loop,822,True,False,M,R,3.791,-6.4,10.5,-0.07,4.95,4.5,33.43,0.022167488,0.126150943,5.02,28.93,5.635,0.0,719
FGFR1,L624P,pathogenic,,546.807,549.882,-3,3.8,-1.6,166.7,112.7,96.66,Loop,822,True,False,L,P,3.075,-5.4,-54.0,-0.9,-1.7,0.18,8.22,0.000942408,0.053376623,-0.8,8.04,4.089,0.0,624
FGFR1,C341W,pathogenic,,548.135,581.325,-2,2.5,-0.9,108.5,227.8,95.25,Beta strand,822,True,False,C,W,33.19,-3.4,119.3,0.0,0.0,0.0,0.0,0.0,0.0,0.0,0.0,6.121,0.0,341
FGFR1,E467K,pathogenic,,549.929,548.568,1,-3.5,-3.9,138.4,168.6,85.27,Loop,822,True,False,E,K,-1.361,-0.4,30.2,2.34,5.83,105.53,123.88,0.493130841,0.538608696,3.49,18.35,4.557,0.272,467
FGFR1,I300T,pathogenic,,550.845,552.246,-1,4.5,-0.7,166.7,116.1,88.66,Loop,822,True,False,I,T,1.401,-5.2,-50.6,-4.65,-2.46,92.16,59.18,0.472615385,0.363067485,2.19,-32.98,4.515,1.394,300
FGFR1,D623Y,pathogenic,,545.051,550.974,-3,-3.5,-1.3,111.1,193.6,92.21,Loop,822,True,False,D,Y,5.923,2.2,82.5,-9.03,-6.58,15.47,46.41,0.082727273,0.182,2.45,30.94,4.698,0.0,623
FGFR1,R254Q,pathogenic,,551.372,551.661,1,-4.5,-3.5,173.4,143.8,85.74,Loop,822,True,False,R,Q,0.289,1.0,-29.6,-5.28,-10.92,148.25,88.87,0.559433962,0.415280374,-5.64,-59.38,4.985,0.052,254
FGFR1,M161T,pathogenic,,549.008,551.044,-1,1.9,-0.7,162.9,116.1,89.44,Helix,822,True,False,M,T,2.036,-2.6,-46.8,-0.09,0.35,5.27,9.47,0.025960591,0.05809816,0.44,4.2,5.635,0.0,161
FGFR1,R570W,pathogenic,,545.512,546.63,-3,-4.5,-0.9,173.4,227.8,94.31,Helix,822,True,False,R,W,1.118,3.6,54.4,-1.49,-6.97,75.41,80.35,0.284566038,0.304356061,-5.48,4.94,4.988,0.0,570
FGFR1,C101F,pathogenic,,551.507,568.721,-2,2.5,2.8,108.5,189.9,91.68,Beta strand,822,True,False,C,F,17.214,0.3,81.4,0.0,-3.08,0.2,0.76,0.001351351,0.003333333,-3.08,0.56,6.121,0.0,101
FGFR1,L191S,pathogenic,,550.34,553.013,-2,3.8,-0.8,166.7,89.0,95.48,Beta strand,822,True,False,L,S,2.673,-4.6,-77.7,-0.69,0.64,36.58,17.26,0.191518325,0.120699301,1.33,-19.32,4.063,0.436,191
FGFR1,A512V,pathogenic,,548.799,547.323,0,1.8,4.2,88.6,140.0,96.63,Beta strand,822,True,False,A,V,-1.476,2.4,51.4,-0.36,-0.81,7.87,12.83,0.065041322,0.077757576,-0.45,4.96,4.687,0.0,512
FGFR1,K656E,pathogenic,,539.056,539.008,1,-3.9,-3.5,168.6,138.4,57.11,Loop,822,True,False,K,E,-0.048,0.4,-30.2,-6.51,-7.47,20.27,20.99,0.088130435,0.098084112,-0.96,0.72,4.711,0.0,656
FGFR1,A608D,pathogenic,,548.608,553.652,-2,1.8,-3.5,88.6,111.1,98.66,Helix,822,True,False,A,D,5.044,-5.3,22.5,0.0,0.0,0.0,0.0,0.0,0.0,0.0,0.0,4.687,0.0,608
FGFR1,M217T,pathogenic,,551.449,555.646,-1,1.9,-0.7,162.9,116.1,90.82,Beta strand,822,True,False,M,T,4.197,-2.6,-46.8,0.0,0.01,0.0,3.92,0.0,0.02404908,0.01,3.92,5.629,0.091,217
FGFR1,C725Y,pathogenic,,549.16,578.525,-2,2.5,-1.3,108.5,193.6,88.41,Loop,822,True,False,C,Y,29.365,-3.8,85.1,0.09,0.09,8.96,8.96,0.060540541,0.035137255,0.0,0.0,6.121,0.0,725
FGFR1,L165S,pathogenic,,551.982,553.813,-2,3.8,-0.8,166.7,89.0,84.88,Beta strand,822,True,False,L,S,1.831,-4.6,-77.7,-1.45,0.61,92.37,60.69,0.483612565,0.424405594,2.06,-31.68,4.089,0.0,165
FGFR1,M535K,pathogenic,,548.564,550.446,-1,1.9,-3.9,162.9,168.6,92.54,Helix,822,True,False,M,K,1.882,-5.8,5.7,0.0,-0.02,10.95,9.51,0.053940887,0.041347826,-0.02,-1.44,5.635,0.0,535
FGFR1,D623G,pathogenic,,545.051,545.232,-1,-3.5,-0.4,111.1,60.1,92.21,Loop,822,True,False,D,G,0.181,3.1,-51.0,-9.03,-6.64,15.47,4.62,0.082727273,0.047628866,2.39,-10.85,4.698,0.0,623
FGFR1,P285R,pathogenic,,546.124,549.553,-2,-1.6,-4.5,112.7,173.4,82.58,Loop,822,True,False,P,R,3.429,-2.9,60.7,-0.13,0.8,14.05,29.05,0.091233766,0.109622642,0.93,15.0,4.53,0.0,285
FGFR1,G270D,pathogenic,,552.19,555.233,-1,-0.4,-3.5,60.1,111.1,88.3,Beta strand,822,True,False,G,D,3.043,-3.1,51.0,0.05,2.43,40.08,99.32,0.413195876,0.531122995,2.38,59.24,4.73,0.0,270
FGFR1,L342S,pathogenic,,551.88,554.537,-2,3.8,-0.8,166.7,89.0,94.23,Beta strand,822,True,False,L,S,2.657,-4.6,-77.7,-2.09,-0.58,38.12,28.55,0.199581152,0.19965035,1.51,-9.57,3.934,0.578,342
FGFR1,S96C,pathogenic,,550.782,552.21,-1,-0.8,2.5,89.0,108.5,90.4,Loop,822,True,False,S,C,1.428,3.3,19.5,-3.13,-5.78,37.73,55.1,0.263846154,0.372297297,-2.65,17.37,4.268,0.138,96
FGFR1,D129A,pathogenic,,552.477,551.55,-2,-3.5,1.8,111.1,88.6,37.87,Loop,822,True,False,D,A,-0.927,5.3,-22.5,3.62,-0.33,129.19,87.69,0.690855615,0.724710744,-3.95,-41.5,4.68,0.209,129
FGFR1,I693F,pathogenic,,549.478,552.18,0,4.5,2.8,166.7,189.9,96.81,Helix,822,True,False,I,F,2.702,-1.7,23.2,0.0,0.0,0.0,0.0,0.0,0.0,0.0,0.0,5.196,0.0,693
FGFR1,I239T,pathogenic,,552.752,554.434,-1,4.5,-0.7,166.7,116.1,96.03,Beta strand,822,True,False,I,T,1.682,-5.2,-50.6,-0.73,0.41,37.42,26.75,0.191897436,0.164110429,1.14,-10.67,5.175,0.254,239
FGFR1,V795I,pathogenic,,551.482,551.717,3,4.2,4.5,140.0,166.7,44.31,Loop,822,True,False,V,I,0.235,0.3,26.7,-13.19,-13.5,120.93,140.81,0.732909091,0.722102564,-0.31,19.88,4.353,0.085,795
FGFR1,R622G,pathogenic,,538.327,538.487,-2,-4.5,-0.4,173.4,60.1,91.38,Loop,822,True,False,R,G,0.16,4.1,-113.3,-0.43,-6.07,18.49,13.6,0.069773585,0.140206186,-5.64,-4.89,4.988,0.0,622
FGFR1,I216V,pathogenic,,549.407,550.005,3,4.5,4.2,166.7,140.0,93.41,Beta strand,822,True,False,I,V,0.598,-0.3,-26.7,-0.5,-0.15,28.34,9.13,0.145333333,0.055333333,0.35,-19.21,5.193,0.054,216
FGFR1,G48S,pathogenic,,551.926,555.435,0,-0.4,-0.8,60.1,89.0,84.5,Loop,822,True,False,G,S,3.509,-0.4,28.9,0.19,1.54,42.26,79.76,0.435670103,0.557762238,1.35,37.5,4.697,0.189,48
FGFR1,A645V,pathogenic,,546.066,546.836,0,1.8,4.2,88.6,140.0,70.88,Loop,822,True,False,A,V,0.77,2.4,51.4,0.01,0.02,0.5,1.12,0.004132231,0.006787879,0.01,0.62,4.687,0.0,645
FGFR1,N117S,pathogenic,,551.127,551.762,1,-3.5,-0.8,114.1,89.0,88.52,Loop,822,True,False,N,S,0.635,2.7,-25.1,-5.94,-6.33,78.05,55.69,0.417379679,0.389440559,-0.39,-22.36,5.317,0.0,117
FGFR1,R622Q,pathogenic,,538.327,538.746,1,-4.5,-3.5,173.4,143.8,91.38,Loop,822,True,False,R,Q,0.419,1.0,-29.6,-0.43,-6.99,18.49,2.71,0.069773585,0.012663551,-6.56,-15.78,4.988,0.0,622
FGFR1,E274G,pathogenic,,552.272,552.987,-2,-3.5,-0.4,138.4,60.1,94.38,Beta strand,822,True,False,E,G,0.715,3.1,-78.3,-4.34,-6.34,87.73,21.58,0.409953271,0.222474227,-2.0,-66.15,4.566,0.065,274
FGFR1,M369I,pathogenic,,551.913,552.493,1,1.9,4.5,162.9,166.7,41.49,Loop,822,True,False,M,I,0.58,2.6,3.8,-23.06,-20.28,157.66,136.21,0.776650246,0.698512821,2.78,-21.45,4.921,1.73,369
FGFR1,G490R,pathogenic,,548.998,550.341,-2,-0.4,-4.5,60.1,173.4,74.78,Beta strand,822,True,False,G,R,1.343,-4.1,113.3,-5.03,-4.55,7.11,33.09,0.073298969,0.124867925,0.48,25.98,4.73,0.0,490
FGFR1,S450F,pathogenic,,552.363,555.041,-2,-0.8,2.8,89.0,189.9,31.82,Loop,822,True,False,S,F,2.678,3.6,100.9,1.84,-14.39,111.01,200.3,0.776293706,0.878508772,-16.23,89.29,4.277,0.0,450
FGFR1,G260E,pathogenic,,552.838,555.256,-2,-0.4,-3.5,60.1,138.4,87.85,Loop,822,True,False,G,E,2.418,-3.1,78.3,-2.39,-1.19,47.73,137.29,0.492061856,0.641542056,1.2,89.56,4.73,0.0,260
FGFR1,C341Y,pathogenic,,548.135,570.366,-2,2.5,-1.3,108.5,193.6,95.25,Beta strand,822,True,False,C,Y,22.231,-3.8,85.1,0.0,0.0,0.0,0.0,0.0,0.0,0.0,0.0,6.121,0.0,341
FGFR1,S332C,pathogenic,,549.886,550.841,-1,-0.8,2.5,89.0,108.5,93.06,Loop,822,True,False,S,C,0.955,3.3,19.5,-0.92,-3.65,41.41,60.63,0.28958042,0.409662162,-2.73,19.22,3.466,1.066,332
FGFR1,Y228D,pathogenic,,550.748,555.65,-3,-1.3,-3.5,193.6,111.1,95.78,Beta strand,822,True,False,Y,D,4.902,-2.2,-82.5,0.0,0.01,0.0,7.1,0.0,0.037967914,0.01,7.1,5.37,0.06,228
FGFR1,P28L,pathogenic,,553.047,552.626,-3,-1.6,3.8,112.7,166.7,28.13,Loop,822,True,False,P,L,-0.421,5.4,54.0,-14.57,-17.02,119.38,150.51,0.775194805,0.788010471,-2.45,31.13,3.817,1.525,28
FGFR1,N330I,pathogenic,,552.04,554.589,-3,-3.5,4.5,114.1,166.7,91.57,Loop,822,True,False,N,I,2.549,8.0,52.6,2.14,-1.68,110.89,112.31,0.592994652,0.575948718,-3.82,1.42,5.317,0.0,330
FGFR1,S616P,pathogenic,,552.043,554.839,-1,-0.8,-1.6,89.0,112.7,95.04,Helix,822,True,False,S,P,2.796,-0.8,23.7,0.1,-0.32,76.79,69.59,0.536993007,0.451883117,-0.42,-7.2,4.277,0.0,616
FGFR1,D641N,pathogenic,,549.494,547.233,1,-3.5,-3.5,111.1,114.1,85.28,Beta strand,822,True,False,D,N,-2.261,0.0,3.0,-9.13,-9.12,59.65,64.35,0.318983957,0.344117647,0.01,4.7,4.698,0.0,641
FGFR1,R250W,pathogenic,,547.585,548.864,-3,-4.5,-0.9,173.4,227.8,63.43,Loop,822,True,False,R,W,1.279,3.6,54.4,2.76,-20.07,125.81,139.83,0.474754717,0.529659091,-22.83,14.02,4.967,0.158,250
FGFR1,G97S,pathogenic,,552.774,555.499,0,-0.4,-0.8,60.1,89.0,90.63,Beta strand,822,True,False,G,S,2.725,-0.4,28.9,-4.67,-6.14,20.03,32.83,0.206494845,0.22958042,-1.47,12.8,4.73,0.0,97
FGFR1,S346C,pathogenic,,548.483,548.162,-1,-0.8,2.5,89.0,108.5,82.02,Loop,822,True,False,S,C,-0.321,3.3,19.5,-16.77,-16.79,91.91,102.01,0.642727273,0.689256757,-0.02,10.1,4.119,0.621,346
FGFR1,Q764H,pathogenic,,549.79,550.199,0,-3.5,-3.2,143.8,153.2,54.12,Loop,822,True,False,Q,H,0.409,0.3,9.4,-5.43,-13.62,130.37,130.32,0.609205607,0.603333333,-8.19,-0.05,5.195,1.133,764
FGFR1,I538V,pathogenic,,544.204,545.403,3,4.5,4.2,166.7,140.0,92.31,Helix,822,True,False,I,V,1.199,-0.3,-26.7,-0.02,-0.03,1.58,2.04,0.008102564,0.012363636,-0.01,0.46,5.193,0.028,538
FGFR1,R627T,pathogenic,,543.991,545.713,-1,-4.5,-0.7,173.4,116.1,94.06,Helix,822,True,False,R,T,1.722,3.8,-57.3,-9.62,0.37,83.68,58.38,0.315773585,0.358159509,9.99,-25.3,4.988,0.0,627
FGFR1,V688L,pathogenic,,544.528,546.257,1,4.2,3.8,140.0,166.7,98.38,Helix,822,True,False,V,L,1.729,-0.4,26.7,0.0,-3.66,0.0,0.45,0.0,0.002356021,-3.66,0.45,4.359,0.0,688
FGFR1,Y339H,pathogenic,,549.403,553.396,2,-1.3,-3.2,193.6,153.2,96.61,Beta strand,822,True,False,Y,H,3.993,-1.9,-40.4,0.04,-0.26,1.16,3.09,0.00454902,0.014305556,-0.3,1.93,5.37,0.092,339
FGFR1,V174A,pathogenic,,551.933,554.177,0,4.2,1.8,140.0,88.6,91.55,Beta strand,822,True,False,V,A,2.244,-2.4,-51.4,-0.08,-0.15,4.11,8.36,0.024909091,0.069090909,-0.07,4.25,4.359,0.0,174
FGFR1,R756H,pathogenic,,547.212,547.534,0,-4.5,-3.2,173.4,153.2,93.84,Helix,822,True,False,R,H,0.322,1.3,-20.2,2.23,0.07,126.3,121.94,0.476603774,0.564537037,-2.16,-4.36,4.985,0.258,756
FGFR1,G237D,pathogenic,,550.96,553.394,-1,-0.4,-3.5,60.1,111.1,92.7,Beta strand,822,True,False,G,D,2.434,-3.1,51.0,-5.09,-2.71,28.14,80.65,0.290103093,0.431283422,2.38,52.51,4.721,0.141,237
FGFR1,K139R,pathogenic,,553.007,552.941,2,-3.9,-4.5,168.6,173.4,37.3,Loop,822,True,False,K,R,-0.066,-0.6,4.8,5.9,12.64,195.71,212.57,0.850913043,0.802150943,6.74,16.86,4.085,1.356,139
FGFR1,R148H,pathogenic,,550.683,551.528,0,-4.5,-3.2,173.4,153.2,61.48,Loop,822,True,False,R,H,0.845,1.3,-20.2,6.36,-3.28,213.21,139.92,0.804566038,0.647777778,-9.64,-73.29,3.406,1.045,148
FGFR1,D623E,pathogenic,,545.051,545.003,2,-3.5,-3.5,111.1,138.4,92.21,Loop,822,True,False,D,E,-0.048,0.0,27.3,-9.03,-8.06,15.47,35.56,0.082727273,0.166168224,0.97,20.09,4.698,0.0,623
FGFR1,G97D,pathogenic,,552.774,557.77,-1,-0.4,-3.5,60.1,111.1,90.63,Beta strand,822,True,False,G,D,4.996,-3.1,51.0,-4.67,0.85,20.03,56.39,0.206494845,0.301550802,5.52,36.36,4.73,0.0,97
FGFR1,G485R,pathogenic,,550.777,549.997,-2,-0.4,-4.5,60.1,173.4,77.35,Beta strand,822,True,False,G,R,-0.78,-4.1,113.3,-0.67,2.31,34.72,113.56,0.357938144,0.428528302,2.98,78.84,4.73,0.0,485
FGFR1,N264H,pathogenic,,552.813,552.794,1,-3.5,-3.2,114.1,153.2,96.15,Loop,822,True,False,N,H,-0.019,0.3,39.1,-4.65,-7.67,113.17,128.0,0.605187166,0.592592593,-3.02,14.83,5.317,0.0,264
FGFR1,V429E,pathogenic,,552.932,552.538,-2,4.2,-3.5,140.0,138.4,33.53,Loop,822,True,False,V,E,-0.394,-7.7,-1.6,-0.83,3.54,127.72,150.66,0.774060606,0.704018692,4.37,22.94,4.359,0.0,429
FGFR1,C178S,pathogenic,,550.454,557.716,-1,2.5,-0.8,108.5,89.0,94.45,Loop,822,True,False,C,S,7.262,-3.3,-19.5,0.0,0.0,0.0,0.0,0.0,0.0,0.0,0.0,6.121,0.0,178
FGFR1,C277F,pathogenic,,547.846,566.986,-2,2.5,2.8,108.5,189.9,93.46,Loop,822,True,False,C,F,19.14,0.3,81.4,0.0,0.0,0.14,0.0,0.000945946,0.0,0.0,-0.14,6.121,0.0,277
FGFR1,P483S,pathogenic,,553.004,554.448,-1,-1.6,-0.8,112.7,89.0,89.67,Beta strand,822,True,False,P,S,1.444,0.8,-23.7,-1.05,2.19,87.54,68.02,0.568441558,0.475664336,3.24,-19.52,4.516,0.062,483
FGFR1,F747L,pathogenic,,549.636,550.646,0,2.8,3.8,189.9,166.7,98.59,Helix,822,True,False,F,L,1.01,1.0,-23.2,-0.07,0.08,6.67,7.58,0.029254386,0.039685864,0.15,0.91,6.095,0.0,747
FGFR1,C381R,pathogenic,,552.515,551.706,-3,2.5,-4.5,108.5,173.4,86.33,Loop,822,True,True,C,R,-0.809,-7.0,64.9,-119.4,-119.2,78.76,157.21,0.532162162,0.593245283,0.2,78.45,6.121,0.0,381
FGFR1,P800L,pathogenic,,553.026,550.689,-3,-1.6,3.8,112.7,166.7,38.61,Loop,822,True,False,P,L,-2.337,5.4,54.0,-6.16,-9.2,118.2,150.71,0.767532468,0.789057592,-3.04,32.51,4.504,0.404,800
FGFR1,D335V,pathogenic,,549.547,551.013,-3,-3.5,4.2,111.1,140.0,92.86,Helix,822,True,False,D,V,1.466,7.7,28.9,-0.45,-3.22,38.29,38.16,0.204759358,0.231272727,-2.77,-0.13,4.59,0.482,335
FGFR1,R470L,pathogenic,,551.711,552.113,-2,-4.5,3.8,173.4,166.7,91.95,Turn,822,True,False,R,L,0.402,8.3,-6.7,2.32,0.31,200.14,135.4,0.755245283,0.708900524,-2.01,-64.74,4.375,0.9,470
FGFR1,S96P,pathogenic,,550.782,555.541,-1,-0.8,-1.6,89.0,112.7,90.4,Loop,822,True,False,S,P,4.759,-0.8,23.7,-3.13,-4.14,37.73,37.78,0.263846154,0.245324675,-1.01,0.05,4.268,0.138,96
FGFR1,T340A,pathogenic,,550.166,550.824,0,-0.7,1.8,116.1,88.6,96.16,Beta strand,822,True,False,T,A,0.658,2.5,-27.5,-3.99,-2.48,8.2,4.32,0.050306748,0.035702479,1.51,-3.88,4.649,0.662,340
FGFR1,P366L,pathogenic,,553.048,553.549,-3,-1.6,3.8,112.7,166.7,40.8,Loop,822,True,False,P,L,0.501,5.4,54.0,-13.27,-16.28,129.44,154.39,0.840519481,0.808324607,-3.01,24.95,3.909,1.062,366
FGFR1,D224E,pathogenic,,549.925,551.607,2,-3.5,-3.5,111.1,138.4,88.12,Helix,822,True,False,D,E,1.682,0.0,27.3,0.19,5.97,4.26,8.52,0.022780749,0.039813084,5.78,4.26,4.695,0.06,224
FGFR1,R627S,pathogenic,,543.991,545.497,-1,-4.5,-0.8,173.4,89.0,94.06,Helix,822,True,False,R,S,1.506,3.7,-84.4,-9.62,1.36,83.68,60.88,0.315773585,0.425734266,10.98,-22.8,4.988,0.0,627
FGFR1,D768H,pathogenic,,552.51,554.641,-1,-3.5,-3.2,111.1,153.2,41.09,Loop,822,True,False,D,H,2.131,0.3,42.1,-16.85,-11.49,91.2,135.96,0.487700535,0.629444444,5.36,44.76,4.68,0.563,768
FGFR1,R448W,pathogenic,,552.591,554.301,-3,-4.5,-0.9,173.4,227.8,32.41,Loop,822,True,False,R,W,1.71,3.6,54.4,6.46,-14.12,218.83,220.87,0.825773585,0.836628788,-20.58,2.04,4.988,0.0,448
FGFR1,G237S,pathogenic,,550.96,553.411,0,-0.4,-0.8,60.1,89.0,92.7,Beta strand,822,True,False,G,S,2.451,-0.4,28.9,-5.09,-8.19,28.14,54.13,0.290103093,0.378531469,-3.1,25.99,4.721,0.141,237
FGFR1,R78C,pathogenic,,551.372,553.237,-3,-4.5,2.5,173.4,108.5,90.45,Beta strand,822,True,False,R,C,1.865,7.0,-64.9,1.26,-1.0,89.98,42.93,0.33954717,0.290067568,-2.26,-47.05,4.97,0.359,78
FGFR1,Y99C,pathogenic,,551.269,555.708,-2,-1.3,2.5,193.6,108.5,93.61,Beta strand,822,True,False,Y,C,4.439,3.8,-85.1,-3.03,-2.88,0.74,3.99,0.002901961,0.026959459,0.15,3.25,5.373,0.0,99
FGFR1,H621R,pathogenic,,545.478,550.681,0,-3.2,-4.5,153.2,173.4,93.03,Loop,822,True,False,H,R,5.203,-1.3,20.2,0.0,0.0,0.05,0.05,0.000231481,0.000188679,0.0,0.0,6.007,0.0,621
FGFR1,P663S,pathogenic,,544.794,546.41,-1,-1.6,-0.8,112.7,89.0,86.22,Helix,822,True,False,P,S,1.616,0.8,-23.7,-14.21,-8.0,15.75,27.07,0.102272727,0.189300699,6.21,11.32,4.527,0.074,663
FGFR1,S685F,pathogenic,,544.71,550.766,-2,-0.8,2.8,89.0,189.9,98.22,Helix,822,True,False,S,F,6.056,3.6,100.9,-5.48,0.0,6.3,0.01,0.044055944,4.39e-05,5.48,-6.29,4.277,0.0,685
FGFR1,P252R,pathogenic,,548.247,548.197,-2,-1.6,-4.5,112.7,173.4,66.29,Loop,822,True,False,P,R,-0.05,-2.9,60.7,-3.41,-1.12,93.75,111.15,0.608766234,0.419433962,2.29,17.4,4.53,0.0,252
FGFR1,K618N,pathogenic,,546.764,547.84,0,-3.9,-3.5,168.6,114.1,90.12,Loop,822,True,False,K,N,1.076,0.4,-54.5,7.43,-1.26,98.5,59.08,0.42826087,0.315935829,-8.69,-39.42,4.711,0.0,618
FGFR1,A343V,pathogenic,,552.836,553.542,0,1.8,4.2,88.6,140.0,91.6,Beta strand,822,True,False,A,V,0.706,2.4,51.4,0.0,0.0,0.0,0.0,0.0,0.0,0.0,0.0,4.532,0.578,343
FGFR1,N628S,pathogenic,,545.752,547.006,1,-3.5,-0.8,114.1,89.0,95.01,Helix,822,True,False,N,S,1.254,2.7,-25.1,0.26,-2.3,11.66,0.87,0.062352941,0.006083916,-2.56,-10.79,5.317,0.0,628
FGFR1,R475Q,pathogenic,,550.972,553.44,1,-4.5,-3.5,173.4,143.8,94.99,Helix,822,True,False,R,Q,2.468,1.0,-29.6,-0.62,0.38,66.29,66.95,0.250150943,0.312850467,1.0,0.66,4.985,0.019,475
FGFR1,R250Q,pathogenic,,547.585,548.496,1,-4.5,-3.5,173.4,143.8,63.43,Loop,822,True,False,R,Q,0.911,1.0,-29.6,2.76,-3.28,125.81,77.42,0.474754717,0.361775701,-6.04,-48.39,4.967,0.158,250
FGFR1,A167S,pathogenic,,552.865,552.809,1,1.8,-0.8,88.6,89.0,86.66,Beta strand,822,True,False,A,S,-0.056,-2.6,0.4,-1.91,-1.61,62.12,64.57,0.51338843,0.451538462,0.3,2.45,4.687,0.0,167
FGFR1,P169L,pathogenic,,550.044,551.259,-3,-1.6,3.8,112.7,166.7,75.52,Beta strand,822,True,False,P,L,1.215,5.4,54.0,-0.93,-1.31,49.33,68.7,0.320324675,0.359685864,-0.38,19.37,4.53,0.0,169
FGFR1,P745S,pathogenic,,551.408,554.167,-1,-1.6,-0.8,112.7,89.0,98.47,Loop,822,True,False,P,S,2.759,0.8,-23.7,-0.37,-0.34,20.9,22.36,0.135714286,0.156363636,0.03,1.46,4.53,0.0,745
FGFR1,Y339C,pathogenic,,549.403,553.422,-2,-1.3,2.5,193.6,108.5,96.61,Beta strand,822,True,False,Y,C,4.019,3.8,-85.1,0.04,-1.61,1.16,7.77,0.00454902,0.0525,-1.65,6.61,5.37,0.092,339
FGFR1,P722S,pathogenic,,546.59,550.149,-1,-1.6,-0.8,112.7,89.0,90.89,Beta strand,822,True,False,P,S,3.559,0.8,-23.7,-0.77,0.04,6.88,9.19,0.044675325,0.064265734,0.81,2.31,4.53,0.0,722
FGFR1,G70R,pathogenic,,551.934,553.127,-2,-0.4,-4.5,60.1,173.4,83.49,Beta strand,822,True,False,G,R,1.193,-4.1,113.3,0.29,5.16,63.87,218.92,0.658453608,0.826113208,4.87,155.05,4.706,0.456,70
FGFR1,D476E,pathogenic,,551.061,550.63,2,-3.5,-3.5,111.1,138.4,94.55,Helix,822,True,False,D,E,-0.431,0.0,27.3,3.88,2.85,119.77,144.55,0.640481283,0.67546729,-1.03,24.78,4.686,0.068,476
FGFR1,P700L,pathogenic,,549.765,555.315,-3,-1.6,3.8,112.7,166.7,92.26,Loop,822,True,False,P,L,5.55,5.4,54.0,0.0,0.0,0.22,0.01,0.001428571,5.24e-05,0.0,-0.21,4.53,0.0,700
FGFR1,G487D,pathogenic,,550.343,550.88,-1,-0.4,-3.5,60.1,111.1,64.24,Loop,822,True,False,G,D,0.537,-3.1,51.0,-4.76,-1.51,42.3,80.99,0.436082474,0.433101604,3.25,38.69,4.73,0.0,487
FGFR1,A361P,pathogenic,,552.653,551.22,-1,1.8,-1.6,88.6,112.7,65.74,Loop,822,True,False,A,P,-1.433,-3.4,24.1,-1.74,-1.81,59.69,69.72,0.493305785,0.452727273,-0.07,10.03,4.661,0.505,361
FGFR1,R718G,pathogenic,,548.214,552.073,-2,-4.5,-0.4,173.4,60.1,94.44,Loop,822,True,False,R,G,3.859,4.1,-113.3,6.18,0.29,22.45,25.29,0.084716981,0.260721649,-5.89,2.84,4.988,0.0,718
FGFR1,G687R,pathogenic,,548.475,581.023,-2,-0.4,-4.5,60.1,173.4,98.53,Helix,822,True,False,G,R,32.548,-4.1,113.3,0.0,0.0,0.0,0.0,0.0,0.0,0.0,0.0,4.73,0.0,687
FGFR1,V607M,pathogenic,,548.984,550.072,1,4.2,1.9,140.0,162.9,98.55,Helix,822,True,False,V,M,1.088,-2.3,22.9,0.0,0.0,0.15,0.19,0.000909091,0.000935961,0.0,0.04,3.738,0.903,607
FGFR1,W4C,pathogenic,,550.686,552.009,-2,-0.9,2.5,227.8,108.5,59.33,Loop,822,True,False,W,C,1.323,3.4,-119.3,-93.9,-71.73,199.24,92.72,0.75469697,0.626486486,22.17,-106.52,6.354,1.056,4
FGFR1,N546K,pathogenic,,548.137,550.148,0,-3.5,-3.9,114.1,168.6,96.45,Loop,822,True,False,N,K,2.011,-0.4,54.5,0.33,5.47,12.87,54.06,0.068823529,0.235043478,5.14,41.19,5.317,0.0,546
FGFR1,C277Y,pathogenic,,547.846,569.328,-2,2.5,-1.3,108.5,193.6,93.46,Loop,822,True,False,C,Y,21.482,-3.8,85.1,0.0,0.0,0.14,0.02,0.000945946,7.84e-05,0.0,-0.12,6.121,0.0,277
FGFR1,W666R,pathogenic,,545.888,548.509,-3,-0.9,-4.5,227.8,173.4,95.93,Helix,822,True,False,W,R,2.621,-3.6,-54.4,-2.69,0.46,28.75,29.2,0.108901515,0.110188679,3.15,0.45,6.519,0.0,666
FGFR1,G348R,pathogenic,,552.149,555.146,-2,-0.4,-4.5,60.1,173.4,85.41,Beta strand,822,True,False,G,R,2.997,-4.1,113.3,-1.37,4.02,22.53,165.87,0.232268041,0.625924528,5.39,143.34,4.727,0.043,348
FGFR1,D682G,pathogenic,,545.804,548.342,-1,-3.5,-0.4,111.1,60.1,97.54,Helix,822,True,False,D,G,2.538,3.1,-51.0,-6.31,-8.28,1.65,4.17,0.008823529,0.042989691,-1.97,2.52,4.695,0.074,682
FGFR1,G270A,pathogenic,,552.19,555.175,0,-0.4,1.8,60.1,88.6,88.3,Beta strand,822,True,False,G,A,2.985,2.2,28.5,0.05,-0.88,40.08,66.48,0.413195876,0.549421488,-0.93,26.4,4.73,0.0,270
FGFR1,G703S,pathogenic,,551.318,557.421,0,-0.4,-0.8,60.1,89.0,76.29,Loop,822,True,False,G,S,6.103,-0.4,28.9,-11.24,-1.52,21.06,21.18,0.217113402,0.148111888,9.72,0.12,4.73,0.0,703
FGFR1,A671P,pathogenic,,545.032,547.276,-1,1.8,-1.6,88.6,112.7,90.38,Helix,822,True,False,A,P,2.244,-3.4,24.1,-7.31,-5.28,3.96,3.87,0.032727273,0.02512987,2.03,-0.09,4.685,0.074,671
FGFR1,L630P,pathogenic,,551.779,555.897,-3,3.8,-1.6,166.7,112.7,97.56,Beta strand,822,True,False,L,P,4.118,-5.4,-54.0,-0.86,-0.37,45.41,20.39,0.237748691,0.132402597,0.49,-25.02,4.089,0.0,630
FGFR1,R744T,pathogenic,,548.329,552.402,-1,-4.5,-0.7,173.4,116.1,98.45,Loop,822,True,False,R,T,4.073,3.8,-57.3,0.11,0.12,6.28,10.0,0.023698113,0.061349693,0.01,3.72,4.988,0.0,744
FGFR1,L245P,pathogenic,,552.007,558.955,-3,3.8,-1.6,166.7,112.7,93.62,Beta strand,822,True,False,L,P,6.948,-5.4,-54.0,0.02,-0.02,1.12,4.56,0.005863874,0.02961039,-0.04,3.44,4.086,0.041,245
FGFR1,V116I,pathogenic,,551.389,551.093,3,4.2,4.5,140.0,166.7,91.11,Beta strand,822,True,False,V,I,-0.296,0.3,26.7,-3.96,-3.26,5.92,5.92,0.035878788,0.030358974,0.7,0.0,4.345,0.317,116
FGFR1,G703R,pathogenic,,551.318,564.666,-2,-0.4,-4.5,60.1,173.4,76.29,Loop,822,True,False,G,R,13.348,-4.1,113.3,-11.24,4.78,21.06,102.65,0.217113402,0.387358491,16.02,81.59,4.73,0.0,703
FGFR1,R189C,pathogenic,,549.022,549.607,-3,-4.5,2.5,173.4,108.5,93.65,Beta strand,822,True,False,R,C,0.585,7.0,-64.9,2.34,-2.24,110.96,54.43,0.418716981,0.36777027,-4.58,-56.53,4.967,0.377,189
FGFR1,Y374C,pathogenic,,550.87,552.052,-2,-1.3,2.5,193.6,108.5,69.77,Loop,822,True,False,Y,C,1.182,3.8,-85.1,-68.81,-59.11,119.13,58.15,0.467176471,0.392905405,9.7,-60.98,5.364,0.138,374
FGFR1,P283R,pathogenic,,547.313,550.185,-2,-1.6,-4.5,112.7,173.4,67.66,Loop,822,True,False,P,R,2.872,-2.9,60.7,-0.79,3.16,22.6,90.44,0.146753247,0.341283019,3.95,67.84,3.909,0.903,283
FGFR1,I639T,pathogenic,,549.677,553.071,-1,4.5,-0.7,166.7,116.1,98.0,Beta strand,822,True,False,I,T,3.394,-5.2,-50.6,0.0,-0.45,0.08,0.4,0.000410256,0.002453988,-0.45,0.32,5.196,0.0,639
FGFR1,R646W,pathogenic,,545.8,546.297,-3,-4.5,-0.9,173.4,227.8,75.0,Loop,822,True,False,R,W,0.497,3.6,54.4,2.47,-11.4,72.5,128.5,0.273584906,0.486742424,-13.87,56.0,4.988,0.0,646
FGFR1,T695I,pathogenic,,546.943,547.982,-1,-0.7,4.5,116.1,166.7,93.05,Loop,822,True,False,T,I,1.039,5.2,50.6,-0.14,-0.98,7.44,7.98,0.045644172,0.040923077,-0.84,0.54,4.804,0.0,695
FGFR1,D224H,pathogenic,,549.925,559.257,-1,-3.5,-3.2,111.1,153.2,88.12,Helix,822,True,False,D,H,9.332,0.3,42.1,0.19,0.07,4.26,0.66,0.022780749,0.003055556,-0.12,-3.6,4.695,0.06,224
FGFR1,A520T,pathogenic,,549.435,550.757,0,1.8,-0.7,88.6,116.1,82.64,Loop,822,True,False,A,T,1.322,-2.5,27.5,-5.37,-1.87,31.69,41.97,0.261900826,0.257484663,3.5,10.28,4.685,0.034,520
FGFR1,L712P,pathogenic,,549.214,553.061,-3,3.8,-1.6,166.7,112.7,86.95,Helix,822,True,False,L,P,3.847,-5.4,-54.0,-0.58,-0.44,31.7,26.77,0.165968586,0.173831169,0.14,-4.93,4.089,0.0,712
FGFR1,E692G,pathogenic,,549.435,552.516,-2,-3.5,-0.4,138.4,60.1,97.46,Helix,822,True,False,E,G,3.081,3.1,-78.3,-3.6,-1.21,1.02,4.8,0.004766355,0.049484536,2.39,3.78,4.568,0.0,692
FGFR1,C736Y,pathogenic,,550.543,556.087,-2,2.5,-1.3,108.5,193.6,98.64,Helix,822,True,False,C,Y,5.544,-3.8,85.1,0.0,-0.02,0.0,0.44,0.0,0.00172549,-0.02,0.44,6.121,0.0,736
FGFR1,N628K,pathogenic,,545.752,546.962,0,-3.5,-3.9,114.1,168.6,95.01,Helix,822,True,False,N,K,1.21,-0.4,54.5,0.26,4.14,11.66,40.92,0.062352941,0.177913043,3.88,29.26,5.317,0.0,628
FGFR1,S107L,benign,,551.065,551.003,-2,-0.8,3.8,89.0,166.7,73.47,Loop,822,True,False,S,L,-0.062,4.6,77.7,-0.84,-1.98,82.42,136.97,0.576363636,0.717120419,-1.14,54.55,3.559,1.634,107
FGFR1,P772S,benign,,552.733,553.946,-1,-1.6,-0.8,112.7,89.0,36.69,Loop,822,True,False,P,S,1.213,0.8,-23.7,-17.05,-15.11,96.37,88.95,0.625779221,0.622027972,1.94,-7.42,4.51,0.156,772
