gene,variant,stability_WT,stability_MUT,stability_delta,pathogenicity,blosum,hydrophobicity_WT,hydrophobicity_MUT,hydrophobicity_delta,volume_WT,volume_MUT,volume_delta,plddt_residue,oda_WT,oda_MUT,oda_delta,sasa_WT,sasa_MUT,sasa_delta,secondary_structure,sequence_length,protein_contain_transmembrane,is_residue_transmembranal,aa_WT,aa_MUT,RSA_WT,RSA_MUT,source,pssm,entropy,uniprot_id
GJB2,W77R,34.4972,39.3647,4.8675,pathogenic,-3,-0.9,-4.5,-3.6,227.8,173.4,-54.4,93.72,-97.49,-97.96,-0.47,8.88,10.91,2.03,Helix,226,TRUE,TRUE,W,R,0.033636364,0.041169811,dvd,6.426,0,P29033
GJB2,R127C,41.3103,41.2145,-0.0958,pathogenic,-3,-4.5,2.5,7,173.4,108.5,-64.9,66.22,6.07,5.96,-0.11,188.75,81.81,-106.94,Loop,226,TRUE,FALSE,R,C,0.712264151,0.55277027,dvd,4.554,1.874,P29033
GJB2,I121N,35.7495,38.5154,2.7659,pathogenic,-3,4.5,-3.5,-8,166.7,114.1,-52.6,72.33,-0.04,0.17,0.21,4.33,7.99,3.66,Loop,226,TRUE,FALSE,I,N,0.022205128,0.042727273,dvd,4.126,1.426,P29033
GJB2,L81R,32.9809,35.1327,2.1518,pathogenic,-2,3.8,-4.5,-8.3,166.7,173.4,6.7,92.46,-115.3,-98.5,16.8,25.1,51.41,26.31,Helix,226,TRUE,TRUE,L,R,0.131413613,0.194,dvd,4.65,0.04,P29033
GJB2,G200A,39.0493,38.009,-1.0403,pathogenic,0,-0.4,1.8,2.2,60.1,88.6,28.5,95.06,-123.3,-121.1,2.2,25.04,45.62,20.58,Helix,226,TRUE,TRUE,G,A,0.25814433,0.377024793,dvd,4.448,1.984,P29033
GJB2,D46E,41.6145,41.6825,0.068,pathogenic,2,-3.5,-3.5,0,111.1,138.4,27.3,89.36,-21.11,-20.01,1.1,71.42,82.02,10.6,Turn,226,TRUE,FALSE,D,E,0.381925134,0.383271028,dvd,6.154,0,P29033
GJB2,G45R,41.4764,42.1256,0.6492,pathogenic,-2,-0.4,-4.5,-4.1,60.1,173.4,113.3,89.16,-30.92,-25.07,5.85,50.68,183.83,133.15,Turn,226,TRUE,FALSE,G,R,0.522474227,0.693698113,dvd,5.556,0,P29033
GJB2,I82N,41.6654,42.448,0.7826,pathogenic,-3,4.5,-3.5,-8,166.7,114.1,-52.6,91.77,-128.7,-124.9,3.8,104.08,91.82,-12.26,Helix,226,TRUE,TRUE,I,N,0.53374359,0.491016043,dvd,4.99,0.087,P29033
GJB2,M151R,36.8119,38.7383,1.9264,pathogenic,-1,1.9,-4.5,-6.4,162.9,173.4,10.5,94.81,-107.2,-104.8,2.4,63.14,95.05,31.91,Helix,226,TRUE,TRUE,M,R,0.311034483,0.358679245,dvd,6.004,0.67,P29033
GJB2,P70S,41.6414,43.6326,1.9912,pathogenic,-1,-1.6,-0.8,0.8,112.7,89,-23.7,93.92,-47.63,-45.3,2.33,79.19,83.32,4.13,Loop,226,TRUE,FALSE,P,S,0.514220779,0.582657343,dvd,5.979,0,P29033
GJB2,P175T,42.3102,43.6391,1.3289,pathogenic,-1,-1.6,-0.7,0.9,112.7,116.1,3.4,94,-12,-11.19,0.81,69.36,87.26,17.9,Beta strand,226,TRUE,FALSE,P,T,0.45038961,0.535337423,dvd,5.976,0.047,P29033
GJB2,A78T,39.042,39.9426,0.9006,pathogenic,0,1.8,-0.7,-2.5,88.6,116.1,27.5,92.75,-96.45,-92.35,4.1,35.8,54.76,18.96,Helix,226,TRUE,TRUE,A,T,0.295867769,0.33595092,dvd,5.148,0.728,P29033
GJB2,Y158C,35.9312,40.1297,4.1985,pathogenic,-2,-1.3,2.5,3.8,193.6,108.5,-85.1,91.94,-74.98,-59.84,15.14,22.53,31.71,9.18,Helix,226,TRUE,FALSE,Y,C,0.088352941,0.214256757,dvd,5.924,0.127,P29033
GJB2,S199F,36.218,37.9043,1.6863,pathogenic,-2,-0.8,2.8,3.6,89,189.9,100.9,94.19,-112.8,-114.8,-2,4.26,0.72,-3.54,Helix,226,TRUE,TRUE,S,F,0.02979021,0.003157895,dvd,5.131,0.019,P29033
GJB2,R32S,37.2105,38.9869,1.7764,pathogenic,-1,-4.5,-0.8,3.7,173.4,89,-84.4,88.68,-100.6,-99.22,1.38,1.99,15.22,13.23,Helix,226,TRUE,TRUE,R,S,0.007509434,0.106433566,dvd,5.38,0,P29033
GJB2,Q80P,36.509,41.7499,5.2409,pathogenic,-1,-3.5,-1.6,1.9,143.8,112.7,-31.1,94.76,-114.6,-114.2,0.4,10.18,14.37,4.19,Helix,226,TRUE,TRUE,Q,P,0.047570093,0.093311688,dvd,6.16,0,P29033
GJB2,Q7P,38.1731,41.5116,3.3385,pathogenic,-1,-3.5,-1.6,1.9,143.8,112.7,-31.1,65.87,-47.84,-44.1,3.74,124.05,44.19,-79.86,Helix,226,TRUE,FALSE,Q,P,0.579672897,0.286948052,dvd,4.566,1.648,P29033
GJB2,I20M,38.2314,38.0057,-0.2257,pathogenic,1,4.5,1.9,-2.6,166.7,162.9,-3.8,83.56,-88.55,-88.64,-0.09,42.5,54.13,11.63,Helix,226,TRUE,FALSE,I,M,0.217948718,0.266650246,dvd,4.807,1.019,P29033
GJB2,V43G,40.5112,44.2177,3.7065,pathogenic,-3,4.2,-0.4,-4.6,140,60.1,-79.9,89.7,-35.11,-31.81,3.3,6.29,7.48,1.19,Turn,226,TRUE,FALSE,V,G,0.038121212,0.077113402,dvd,4.733,0,P29033
GJB2,W44C,36.6858,41.335,4.6492,pathogenic,-2,-0.9,2.5,3.4,227.8,108.5,-119.3,91.74,-61.24,-53.48,7.76,8.22,20.97,12.75,Turn,226,TRUE,FALSE,W,C,0.031136364,0.141689189,dvd,6.426,0,P29033
GJB2,F31I,37.8782,38.8527,0.9745,pathogenic,0,2.8,4.5,1.7,189.9,166.7,-23.2,86.85,-83.32,-87.59,-4.27,77.97,35.36,-42.61,Helix,226,TRUE,TRUE,F,I,0.341973684,0.181333333,dvd,5.124,0,P29033
GJB2,W133S,41.2107,43.889,2.6783,pathogenic,-3,-0.9,-0.8,0.1,227.8,89,-138.8,87.85,-39.21,-41.19,-1.98,38.22,29.63,-8.59,Helix,226,TRUE,FALSE,W,S,0.144772727,0.207202797,dvd,6.426,0,P29033
GJB2,H100P,36.5229,38.7982,2.2753,pathogenic,-2,-3.2,-1.6,1.6,153.2,112.7,-40.5,86.51,-0.97,-0.84,0.13,121.59,44.84,-76.75,Helix,226,TRUE,FALSE,H,P,0.562916667,0.291168831,dvd,5.973,1.425,P29033
GJB2,P70R,41.6414,42.5494,0.908,pathogenic,-2,-1.6,-4.5,-2.9,112.7,173.4,60.7,93.92,-47.63,-39.68,7.95,79.19,155.47,76.28,Loop,226,TRUE,FALSE,P,R,0.514220779,0.586679245,dvd,5.979,0,P29033
GJB2,L79P,40.4823,44.4643,3.982,pathogenic,-3,3.8,-1.6,-5.4,166.7,112.7,-54,94.07,-108.1,-110.2,-2.1,71.94,33.72,-38.22,Helix,226,TRUE,TRUE,L,P,0.376649215,0.218961039,dvd,4.656,0,P29033
GJB2,K105R,39.1242,39.6014,0.4772,pathogenic,2,-3.9,-4.5,-0.6,168.6,173.4,4.8,87.43,4.29,15.6,11.31,75.91,114.76,38.85,Loop,226,TRUE,FALSE,K,R,0.330043478,0.433056604,dvd,3.706,2.977,P29033
GJB2,N54S,41.8801,42.2302,0.3501,pathogenic,1,-3.5,-0.8,2.7,114.1,89,-25.1,96.05,-6.82,-3.3,3.52,114.91,77.14,-37.77,Beta strand,226,TRUE,FALSE,N,S,0.614491979,0.539440559,dvd,5.917,0,P29033
GJB2,V198M,37.2931,36.6767,-0.6164,pathogenic,1,4.2,1.9,-2.3,140,162.9,22.9,93.54,-109.7,-100.9,8.8,7.04,23.21,16.17,Helix,226,TRUE,TRUE,V,M,0.042666667,0.114334975,dvd,3.715,1.724,P29033
GJB2,G130V,39.9924,43.6628,3.6704,pathogenic,-3,-0.4,4.2,4.6,60.1,140,79.9,81.82,-20.32,-15.99,4.33,62.88,118.59,55.71,Helix,226,TRUE,FALSE,G,V,0.648247423,0.718727273,dvd,5.556,0,P29033
GJB2,V38A,38.4566,38.9156,0.459,pathogenic,0,4.2,1.8,-2.4,140,88.6,-51.4,83.73,-46.29,-42.08,4.21,81.28,43.74,-37.54,Helix,226,TRUE,TRUE,V,A,0.492606061,0.361487603,dvd,4.609,0.611,P29033
GJB2,V37L,41.367,40.8008,-0.5662,pathogenic,1,4.2,3.8,-0.4,140,166.7,26.7,85.36,-53.87,-52.94,0.93,84.27,111.47,27.2,Helix,226,TRUE,TRUE,V,L,0.510727273,0.583612565,dvd,4.718,0.073,P29033
GJB2,D66H,41.8255,41.6254,-0.2001,pathogenic,-1,-3.5,-3.2,0.3,111.1,153.2,42.1,95.6,-27.27,-32.08,-4.81,89.95,107.44,17.49,Helix,226,TRUE,FALSE,D,H,0.481016043,0.497407407,dvd,6.154,0,P29033
GJB2,V84M,33.0345,35.9813,2.9468,pathogenic,1,4.2,1.9,-2.3,140,162.9,22.9,93.07,0,0,0,0,0.25,0.25,Helix,226,TRUE,TRUE,V,M,0,0.001231527,dvd,4.733,0,P29033
GJB2,K15T,40.9161,42.7551,1.839,pathogenic,-1,-3.9,-0.7,3.2,168.6,116.1,-52.5,64.01,-18.08,-45.25,-27.17,125.02,97.33,-27.69,Beta strand,226,TRUE,FALSE,K,T,0.543565217,0.597116564,dvd,4.772,0.777,P29033
GJB2,L214P,39.9841,44.5064,4.5223,pathogenic,-3,3.8,-1.6,-5.4,166.7,112.7,-54,89.56,-51.66,-44.14,7.52,77.08,42.94,-34.14,Helix,226,TRUE,FALSE,L,P,0.403560209,0.278831169,dvd,3.497,1.705,P29033
GJB2,E120K,39.8502,39.7777,-0.0725,pathogenic,1,-3.5,-3.9,-0.4,138.4,168.6,30.2,76.21,0.81,4.47,3.66,69.55,77.08,7.53,Loop,226,TRUE,FALSE,E,K,0.325,0.335130435,dvd,4.889,2.131,P29033
GJB2,V95M,37.6471,36.7895,-0.8576,pathogenic,1,4.2,1.9,-2.3,140,162.9,22.9,85.2,-21.84,-20.72,1.12,4.3,1.32,-2.98,Helix,226,TRUE,FALSE,V,M,0.026060606,0.006502463,dvd,4.715,0.087,P29033
GJB2,G59R,41.7671,44.5255,2.7584,pathogenic,-2,-0.4,-4.5,-4.1,60.1,173.4,113.3,95.32,-18.53,-7.55,10.98,37.28,151.43,114.15,Loop,226,TRUE,FALSE,G,R,0.384329897,0.571433962,dvd,5.553,0.045,P29033
GJB2,R184Q,39.2726,38.6153,-0.6573,pathogenic,1,-4.5,-3.5,1,173.4,143.8,-29.6,92.99,-13.77,-8.38,5.39,110.7,105.63,-5.07,Loop,226,TRUE,FALSE,R,Q,0.417735849,0.493598131,dvd,5.35,0.346,P29033
GJB2,C53Y,38.8474,54.1576,15.3102,pathogenic,-2,2.5,-1.3,-3.8,108.5,193.6,85.1,96.67,-4.41,-7.34,-2.93,14.17,39.54,25.37,Beta strand,226,TRUE,FALSE,C,Y,0.095743243,0.155058824,dvd,5.91,0,P29033
GJB2,F142L,41.1395,40.5834,-0.5561,pathogenic,0,2.8,3.8,1,189.9,166.7,-23.2,96.57,-110,-111,-1,94.29,72.22,-22.07,Helix,226,TRUE,TRUE,F,L,0.413552632,0.378115183,dvd,5.077,0.519,P29033
GJB2,P175H,42.3102,43.931,1.6208,pathogenic,-2,-1.6,-3.2,-1.6,112.7,153.2,40.5,94,-12,-11.09,0.91,69.36,141.48,72.12,Beta strand,226,TRUE,FALSE,P,H,0.45038961,0.655,dvd,5.976,0.047,P29033
GJB2,W44L,36.6858,38.7098,2.024,pathogenic,-2,-0.9,3.8,4.7,227.8,166.7,-61.1,91.74,-61.24,-58.8,2.44,8.22,18.78,10.56,Turn,226,TRUE,FALSE,W,L,0.031136364,0.098324607,dvd,6.426,0,P29033
GJB2,R32C,37.2105,37.8764,0.6659,pathogenic,-3,-4.5,2.5,7,173.4,108.5,-64.9,88.68,-100.6,-94.38,6.22,1.99,12.82,10.83,Helix,226,TRUE,TRUE,R,C,0.007509434,0.086621622,dvd,5.38,0,P29033
GJB2,V43L,40.5112,41.7355,1.2243,pathogenic,1,4.2,3.8,-0.4,140,166.7,26.7,89.7,-35.11,-35.74,-0.63,6.29,9.85,3.56,Turn,226,TRUE,FALSE,V,L,0.038121212,0.051570681,dvd,4.733,0,P29033
GJB2,V52L,41.6248,41.7731,0.1483,pathogenic,1,4.2,3.8,-0.4,140,166.7,26.7,95.96,-7.39,-9.4,-2.01,87.28,106.26,18.98,Beta strand,226,TRUE,FALSE,V,L,0.528969697,0.556335079,dvd,3.637,1.841,P29033
GJB2,W133G,41.2107,43.8163,2.6056,pathogenic,-2,-0.9,-0.4,0.5,227.8,60.1,-167.7,87.85,-39.21,-42.15,-2.94,38.22,4.27,-33.95,Helix,226,TRUE,FALSE,W,G,0.144772727,0.044020619,dvd,6.426,0,P29033
GJB2,V13M,30.1659,29.47,-0.6959,pathogenic,1,4.2,1.9,-2.3,140,162.9,22.9,65.78,-73.39,-78.3,-4.91,6.19,2.54,-3.65,Helix,226,TRUE,FALSE,V,M,0.037515152,0.012512315,dvd,4.724,0.081,P29033
GJB2,I203K,39.5079,40.5999,1.092,pathogenic,-3,4.5,-3.9,-8.4,166.7,168.6,1.9,95.62,-139.3,-130.8,8.5,29.25,69.21,39.96,Helix,226,TRUE,TRUE,I,K,0.15,0.300913043,dvd,4.277,1.323,P29033
GJB2,E47K,35.2493,35.3384,0.0891,pathogenic,1,-3.5,-3.9,-0.4,138.4,168.6,30.2,90.69,-61.33,-57,4.33,30.26,46.36,16.1,Turn,226,TRUE,FALSE,E,K,0.141401869,0.201565217,dvd,5.539,0.108,P29033
GJB2,G109E,41.4118,43.9318,2.52,pathogenic,-2,-0.4,-3.5,-3.1,60.1,138.4,78.3,82.32,0.22,3.9,3.68,30.03,120.89,90.86,Loop,226,TRUE,FALSE,G,E,0.309587629,0.564906542,dvd,4.63,1.279,P29033
GJB2,V190D,38.3588,38.3229,-0.0359,pathogenic,-3,4.2,-3.5,-7.7,140,111.1,-28.9,93.05,-72.49,-60.93,11.56,102.77,100.26,-2.51,Helix,226,TRUE,TRUE,V,D,0.622848485,0.536149733,dvd,4.178,1.078,P29033
GJB2,K122I,39.7335,40.0435,0.31,pathogenic,-3,-3.9,4.5,8.4,168.6,166.7,-1.9,71.33,5.79,-1.15,-6.94,118.67,87.68,-30.99,Loop,226,TRUE,FALSE,K,I,0.515956522,0.449641026,dvd,4.992,0.931,P29033
GJB2,S17Y,33.5985,32.9151,-0.6834,pathogenic,-2,-0.8,-1.3,-0.5,89,193.6,104.6,70.25,-77.29,-87.29,-10,20.61,11.98,-8.63,Beta strand,226,TRUE,FALSE,S,Y,0.144125874,0.046980392,dvd,5.128,0.047,P29033
GJB2,L205P,38.9171,43.7422,4.8251,pathogenic,-3,3.8,-1.6,-5.4,166.7,112.7,-54,94.43,-132.6,-130.7,1.9,34.96,26.1,-8.86,Helix,226,TRUE,TRUE,L,P,0.183036649,0.169480519,dvd,4.653,0.022,P29033
GJB2,L132V,34.2016,35.9845,1.7829,pathogenic,1,3.8,4.2,0.4,166.7,140,-26.7,85.38,-36.26,-30.5,5.76,4.51,5.95,1.44,Helix,226,TRUE,FALSE,L,V,0.023612565,0.036060606,dvd,4.656,0,P29033
GJB2,A40G,39.1519,39.5541,0.4022,pathogenic,0,1.8,-0.4,-2.2,88.6,60.1,-28.5,80.66,-57.73,-63.63,-5.9,32.21,20.85,-11.36,Helix,226,TRUE,TRUE,A,G,0.266198347,0.214948454,dvd,5.372,0.074,P29033
GJB2,N14Y,35.2826,36.1143,0.8317,pathogenic,-2,-3.5,-1.3,2.2,114.1,193.6,79.5,68.11,-75.57,-73.19,2.38,57.75,112.79,55.04,Helix,226,TRUE,FALSE,N,Y,0.308823529,0.442313725,dvd,5.914,0.029,P29033
GJB2,R32G,37.2105,39.4132,2.2027,pathogenic,-2,-4.5,-0.4,4.1,173.4,60.1,-113.3,88.68,-100.6,-98.82,1.78,1.99,7.59,5.6,Helix,226,TRUE,TRUE,R,G,0.007509434,0.078247423,dvd,5.38,0,P29033
GJB2,V84L,33.0345,34.2079,1.1734,pathogenic,1,4.2,3.8,-0.4,140,166.7,26.7,93.07,0,0,0,0,0,0,Helix,226,TRUE,TRUE,V,L,0,0,dvd,4.733,0,P29033
GJB2,T8M,42.1666,41.1354,-1.0312,pathogenic,-1,-0.7,1.9,2.6,116.1,162.9,46.8,69.3,-24.32,-14.66,9.66,100.81,116.47,15.66,Helix,226,TRUE,FALSE,T,M,0.618466258,0.573743842,dvd,4.67,1.518,P29033
GJB2,V63L,41.8702,42.3324,0.4622,pathogenic,1,4.2,3.8,-0.4,140,166.7,26.7,96.43,-13.25,-14,-0.75,48.1,69.85,21.75,Helix,226,TRUE,FALSE,V,L,0.291515152,0.365706806,dvd,4.73,0.045,P29033
GJB2,S72C,35.5903,37.1725,1.5822,pathogenic,-1,-0.8,2.5,3.3,89,108.5,19.5,93.06,-75.71,-74.47,1.24,7.57,23.32,15.75,Loop,226,TRUE,FALSE,S,C,0.052937063,0.157567568,dvd,5.134,0,P29033
GJB2,D50A,40.9094,41.048,0.1386,pathogenic,-2,-3.5,1.8,5.3,111.1,88.6,-22.5,93.63,-8.19,-4.29,3.9,71.04,45.63,-25.41,Turn,226,TRUE,FALSE,D,A,0.379893048,0.377107438,dvd,5.682,1.13,P29033
GJB2,G45E,41.4764,42.7494,1.273,pathogenic,-2,-0.4,-3.5,-3.1,60.1,138.4,78.3,89.16,-30.92,-35.48,-4.56,50.68,121.67,70.99,Turn,226,TRUE,FALSE,G,E,0.522474227,0.568551402,dvd,5.556,0,P29033
GJB2,I140S,34.2581,37.4499,3.1918,pathogenic,-2,4.5,-0.8,-5.3,166.7,89,-77.7,93.36,0,0,0,0.18,0.1,-0.08,Helix,226,TRUE,TRUE,I,S,0.000923077,0.000699301,dvd,4.356,1.36,P29033
GJB2,G12V,42.1093,42.8382,0.7289,pathogenic,-3,-0.4,4.2,4.6,60.1,140,79.9,63.76,-50.4,-50.3,0.1,33.36,70.4,37.04,Helix,226,TRUE,FALSE,G,V,0.343917526,0.426666667,dvd,5.553,0.051,P29033
GJB2,I128M,38.8909,37.9819,-0.909,pathogenic,1,4.5,1.9,-2.6,166.7,162.9,-3.8,69.37,-18.56,-27.75,-9.19,47.65,50.35,2.7,Loop,226,TRUE,FALSE,I,M,0.244358974,0.248029557,dvd,4.943,0.529,P29033
GJB2,N206T,33.0178,31.8868,-1.131,pathogenic,0,-3.5,-0.7,2.8,114.1,116.1,2,94.16,0,-118.9,-118.9,0.2,1.68,1.48,Helix,226,TRUE,TRUE,N,T,0.001069519,0.010306748,dvd,5.891,0.348,P29033
GJB2,K112N,41.9183,42.6023,0.684,pathogenic,0,-3.9,-3.5,0.4,168.6,114.1,-54.5,70.63,4.12,1.59,-2.53,150.79,108.63,-42.16,Loop,226,TRUE,FALSE,K,N,0.655608696,0.580909091,dvd,3.664,2.468,P29033
GJB2,H73Y,33.8667,33.8531,-0.0136,pathogenic,2,-3.2,-1.3,1.9,153.2,193.6,40.4,92.5,-73.13,-72.75,0.38,6.09,8.13,2.04,Helix,226,TRUE,FALSE,H,Y,0.028194444,0.031882353,dvd,6.205,0,P29033
GJB2,R184W,39.2726,39.1784,-0.0942,pathogenic,-3,-4.5,-0.9,3.6,173.4,227.8,54.4,92.99,-13.77,-19.43,-5.66,110.7,88.92,-21.78,Loop,226,TRUE,FALSE,R,W,0.417735849,0.336818182,dvd,5.35,0.346,P29033
GJB2,R32L,37.2105,35.4439,-1.7666,pathogenic,-2,-4.5,3.8,8.3,173.4,166.7,-6.7,88.68,-100.6,-96.06,4.54,1.99,10.85,8.86,Helix,226,TRUE,TRUE,R,L,0.007509434,0.056806283,dvd,5.38,0,P29033
GJB2,G11E,38.7429,38.4277,-0.3152,pathogenic,-2,-0.4,-3.5,-3.1,60.1,138.4,78.3,64.81,-64.17,-24.7,39.47,44.52,117.73,73.21,Helix,226,TRUE,FALSE,G,E,0.458969072,0.550140187,dvd,5.018,1.107,P29033
GJB2,M163V,31.5002,32.242,0.7418,pathogenic,1,1.9,4.2,2.3,162.9,140,-22.9,89.91,-30.35,-29.29,1.06,23.48,21.13,-2.35,Loop,226,TRUE,FALSE,M,V,0.115665025,0.128060606,dvd,5.762,0.96,P29033
GJB2,R127L,41.3103,41.1012,-0.2091,pathogenic,-2,-4.5,3.8,8.3,173.4,166.7,-6.7,66.22,6.07,-1.57,-7.64,188.75,112.01,-76.74,Loop,226,TRUE,FALSE,R,L,0.712264151,0.586439791,dvd,4.554,1.874,P29033
GJB2,G59V,41.7671,45.319,3.5519,pathogenic,-3,-0.4,4.2,4.6,60.1,140,79.9,95.32,-18.53,-17.42,1.11,37.28,84.35,47.07,Loop,226,TRUE,FALSE,G,V,0.384329897,0.511212121,dvd,5.553,0.045,P29033
GJB2,A40E,39.1519,39.5618,0.4099,pathogenic,-1,1.8,-3.5,-5.3,88.6,138.4,49.8,80.66,-57.73,-69.58,-11.85,32.21,87.15,54.94,Helix,226,TRUE,TRUE,A,E,0.266198347,0.407242991,dvd,5.372,0.074,P29033
GJB2,L90P,41.1097,45.0293,3.9196,pathogenic,-3,3.8,-1.6,-5.4,166.7,112.7,-54,90.95,-72.66,-72.5,0.16,106.5,50.09,-56.41,Helix,226,TRUE,TRUE,L,P,0.557591623,0.32525974,dvd,4.612,0.458,P29033
GJB2,A88G,32.7235,34.4343,1.7108,pathogenic,0,1.8,-0.4,-2.2,88.6,60.1,-28.5,87.96,-94.97,-95,-0.03,5.69,5.41,-0.28,Helix,226,TRUE,TRUE,A,G,0.047024793,0.055773196,dvd,5.327,0.529,P29033
GJB2,V226D,42.2999,42.1369,-0.163,pathogenic,-3,4.2,-3.5,-7.7,140,111.1,-28.9,31.64,-4.49,1.67,6.16,208.66,196.8,-11.86,Loop,226,TRUE,FALSE,V,D,1.264606061,1.052406417,dvd,2.554,3.335,P29033
GJB2,M34I,39.1856,40.7181,1.5325,pathogenic,1,1.9,4.5,2.6,162.9,166.7,3.8,83.43,-52.54,-53.99,-1.45,97.19,96.3,-0.89,Helix,226,TRUE,TRUE,M,I,0.478768473,0.493846154,dvd,5.869,1.011,P29033
GJB2,T186M,41.5563,41.3804,-0.1759,pathogenic,-1,-0.7,1.9,2.6,116.1,162.9,46.8,94.07,-22.87,-30.74,-7.87,97.88,96.54,-1.34,Helix,226,TRUE,FALSE,T,M,0.600490798,0.475566502,dvd,5.378,0,P29033
GJB2,C202F,35.3573,37.9117,2.5544,pathogenic,-2,2.5,2.8,0.3,108.5,189.9,81.4,94.73,0,0,0,0,0,0,Helix,226,TRUE,TRUE,C,F,0,0,dvd,5.907,0.018,P29033
GJB2,G59A,41.7671,44.6881,2.921,pathogenic,0,-0.4,1.8,2.2,60.1,88.6,28.5,95.32,-18.53,-14.41,4.12,37.28,57.26,19.98,Loop,226,TRUE,FALSE,G,A,0.384329897,0.47322314,dvd,5.553,0.045,P29033
GJB2,Q80K,36.509,36.4377,-0.0713,pathogenic,1,-3.5,-3.9,-0.4,143.8,168.6,24.8,94.76,-114.6,-118.8,-4.2,10.18,7.36,-2.82,Helix,226,TRUE,TRUE,Q,K,0.047570093,0.032,dvd,6.16,0,P29033
GJB2,N54K,41.8801,41.5341,-0.346,pathogenic,0,-3.5,-3.9,-0.4,114.1,168.6,54.5,96.05,-6.82,-0.79,6.03,114.91,140.45,25.54,Beta strand,226,TRUE,FALSE,N,K,0.614491979,0.610652174,dvd,5.917,0,P29033
GJB2,Q80H,36.509,37.2549,0.7459,pathogenic,0,-3.5,-3.2,0.3,143.8,153.2,9.4,94.76,-114.6,-115.7,-1.1,10.18,2.41,-7.77,Helix,226,TRUE,TRUE,Q,H,0.047570093,0.011157407,dvd,6.16,0,P29033
GJB2,L90R,41.1097,41.773,0.6633,pathogenic,-2,3.8,-4.5,-8.3,166.7,173.4,6.7,90.95,-72.66,-66.59,6.07,106.5,143.23,36.73,Helix,226,TRUE,TRUE,L,R,0.557591623,0.540490566,dvd,4.612,0.458,P29033
GJB2,S139N,34.151,36.6951,2.5441,pathogenic,1,-0.8,-3.5,-2.7,89,114.1,25.1,93.71,-95.74,-91.7,4.04,8.68,9,0.32,Helix,226,TRUE,TRUE,S,N,0.060699301,0.048128342,dvd,5.134,0,P29033
GJB2,C64Y,40.5533,70.6035,30.0502,pathogenic,-2,2.5,-1.3,-3.8,108.5,193.6,85.1,96.42,0,0,0,0,0.11,0.11,Helix,226,TRUE,FALSE,C,Y,0,0.000431373,dvd,5.907,0.045,P29033
GJB2,I71N,41.3683,43.5446,2.1763,pathogenic,-3,4.5,-3.5,-8,166.7,114.1,-52.6,94.43,-83.3,-81.7,1.6,38.33,57.47,19.14,Loop,226,TRUE,FALSE,I,N,0.196564103,0.307326203,dvd,4.498,1.002,P29033
GJB2,N176D,42.307,43.1498,0.8428,pathogenic,1,-3.5,-3.5,0,114.1,111.1,-3,94.24,-12,-10.66,1.34,133.68,125.64,-8.04,Beta strand,226,TRUE,FALSE,N,D,0.71486631,0.671871658,dvd,5.911,0.067,P29033
GJB2,E114K,40.4011,40.4139,0.0128,pathogenic,1,-3.5,-3.9,-0.4,138.4,168.6,30.2,73.36,1.93,5.95,4.02,116.96,148.25,31.29,Loop,226,TRUE,FALSE,E,K,0.546542056,0.644565217,dvd,4.861,1.999,P29033
GJB2,I20T,38.2314,39.9503,1.7189,pathogenic,-1,4.5,-0.7,-5.2,166.7,116.1,-50.6,83.56,-88.55,-86.97,1.58,42.5,35.9,-6.6,Helix,226,TRUE,FALSE,I,T,0.217948718,0.220245399,dvd,4.807,1.019,P29033
GJB2,V43M,40.5112,42.3904,1.8792,pathogenic,1,4.2,1.9,-2.3,140,162.9,22.9,89.7,-35.11,-41.65,-6.54,6.29,24.55,18.26,Turn,226,TRUE,FALSE,V,M,0.038121212,0.120935961,dvd,4.733,0,P29033
GJB2,S17F,33.5985,28.6189,-4.9796,pathogenic,-2,-0.8,2.8,3.6,89,189.9,100.9,70.25,-77.29,-87.34,-10.05,20.61,12.59,-8.02,Beta strand,226,TRUE,FALSE,S,F,0.144125874,0.055219298,dvd,5.128,0.047,P29033
GJB2,S113R,41.8684,41.7972,-0.0712,pathogenic,-1,-0.8,-4.5,-3.7,89,173.4,84.4,66.12,1,5.55,4.55,114.97,221.54,106.57,Loop,226,TRUE,FALSE,S,R,0.803986014,0.836,dvd,2.422,2.952,P29033
GJB2,L79V,40.4823,41.0083,0.526,pathogenic,1,3.8,4.2,0.4,166.7,140,-26.7,94.07,-108.1,-110.7,-2.6,71.94,40.03,-31.91,Helix,226,TRUE,TRUE,L,V,0.376649215,0.242606061,dvd,4.656,0,P29033
GJB2,M163L,31.5002,32.4732,0.973,pathogenic,2,1.9,3.8,1.9,162.9,166.7,3.8,89.91,-30.35,-34.05,-3.7,23.48,18.63,-4.85,Loop,226,TRUE,FALSE,M,L,0.115665025,0.097539267,dvd,5.762,0.96,P29033
GJB2,V226G,42.2999,41.962,-0.3379,pathogenic,-3,4.2,-0.4,-4.6,140,60.1,-79.9,31.64,-4.49,-2.37,2.12,208.66,127.78,-80.88,Loop,226,TRUE,FALSE,V,G,1.264606061,1.317319588,dvd,2.554,3.335,P29033
GJB2,I128V,38.8909,40.0574,1.1665,pathogenic,3,4.5,4.2,-0.3,166.7,140,-26.7,69.37,-18.56,-15.98,2.58,47.65,47.22,-0.43,Loop,226,TRUE,FALSE,I,V,0.244358974,0.286181818,dvd,4.943,0.529,P29033
GJB2,M93T,40.3513,42.1519,1.8006,pathogenic,-1,1.9,-0.7,-2.6,162.9,116.1,-46.8,88.14,-31.1,-29.51,1.59,136.94,88.47,-48.47,Helix,226,TRUE,TRUE,M,T,0.674581281,0.542760736,dvd,6.118,0,P29033
GJB2,D50N,40.9094,41.0193,0.1099,pathogenic,1,-3.5,-3.5,0,111.1,114.1,3,93.63,-8.19,-1.51,6.68,71.04,91.49,20.45,Turn,226,TRUE,FALSE,D,N,0.379893048,0.489251337,dvd,5.682,1.13,P29033
GJB2,L89P,40.2535,44.1623,3.9088,pathogenic,-3,3.8,-1.6,-5.4,166.7,112.7,-54,88.12,-87.24,-73.64,13.6,66.95,28.83,-38.12,Helix,226,TRUE,TRUE,L,P,0.35052356,0.187207792,dvd,4.63,0.303,P29033
GJB2,L90V,41.1097,41.8036,0.6939,pathogenic,1,3.8,4.2,0.4,166.7,140,-26.7,90.95,-72.66,-71.45,1.21,106.5,64.6,-41.9,Helix,226,TRUE,TRUE,L,V,0.557591623,0.391515152,dvd,4.612,0.458,P29033
GJB2,R184G,39.2726,38.5286,-0.744,pathogenic,-2,-4.5,-0.4,4.1,173.4,60.1,-113.3,92.99,-13.77,-15.37,-1.6,110.7,31.33,-79.37,Loop,226,TRUE,FALSE,R,G,0.417735849,0.322989691,dvd,5.35,0.346,P29033
GJB2,S183F,38.8402,40.2016,1.3614,pathogenic,-2,-0.8,2.8,3.6,89,189.9,100.9,93.42,-31.15,-14.67,16.48,13.25,49.55,36.3,Loop,226,TRUE,FALSE,S,F,0.092657343,0.217324561,dvd,5.078,0.614,P29033
GJB2,C218Y,41.6356,40.0408,-1.5948,pathogenic,-2,2.5,-1.3,-3.8,108.5,193.6,85.1,86.16,-34.36,-37.41,-3.05,83.46,123.39,39.93,Loop,226,TRUE,FALSE,C,Y,0.563918919,0.483882353,dvd,5.678,1.04,P29033
GJB2,I30N,40.9471,41.4648,0.5177,pathogenic,-3,4.5,-3.5,-8,166.7,114.1,-52.6,83.57,-70.66,-63.74,6.92,89.18,80.02,-9.16,Helix,226,TRUE,TRUE,I,N,0.457333333,0.427914439,dvd,4.909,0.555,P29033
GJB2,Q80L,36.509,33.9136,-2.5954,pathogenic,-2,-3.5,3.8,7.3,143.8,166.7,22.9,94.76,-114.6,-119.1,-4.5,10.18,1.3,-8.88,Helix,226,TRUE,TRUE,Q,L,0.047570093,0.006806283,dvd,6.16,0,P29033
GJB2,C53R,38.8474,51.6079,12.7605,pathogenic,-3,2.5,-4.5,-7,108.5,173.4,64.9,96.67,-4.41,-1.57,2.84,14.17,66.97,52.8,Beta strand,226,TRUE,FALSE,C,R,0.095743243,0.252716981,dvd,5.91,0,P29033
GJB2,A88V,32.7235,32.2703,-0.4532,pathogenic,0,1.8,4.2,2.4,88.6,140,51.4,87.96,-94.97,-95.06,-0.09,5.69,5.54,-0.15,Helix,226,TRUE,TRUE,A,V,0.047024793,0.033575758,dvd,5.327,0.529,P29033
GJB2,M34V,39.1856,41.2673,2.0817,pathogenic,1,1.9,4.2,2.3,162.9,140,-22.9,83.43,-52.54,-53.89,-1.35,97.19,80.16,-17.03,Helix,226,TRUE,TRUE,M,V,0.478768473,0.485818182,dvd,5.869,1.011,P29033
GJB2,R143Q,32.0247,33.2201,1.1954,pathogenic,1,-4.5,-3.5,1,173.4,143.8,-29.6,95.75,-133.6,-140.2,-6.6,11.08,8.94,-2.14,Helix,226,TRUE,TRUE,R,Q,0.041811321,0.041775701,dvd,5.323,0.529,P29033
GJB2,M34R,39.1856,40.0023,0.8167,pathogenic,-1,1.9,-4.5,-6.4,162.9,173.4,10.5,83.43,-52.54,-41.84,10.7,97.19,144.23,47.04,Helix,226,TRUE,TRUE,M,R,0.478768473,0.544264151,dvd,5.869,1.011,P29033
GJB2,T55A,40.8651,41.8947,1.0296,pathogenic,0,-0.7,1.8,2.5,116.1,88.6,-27.5,95.03,-14.86,-15.48,-0.62,36.68,38.12,1.44,Loop,226,TRUE,FALSE,T,A,0.225030675,0.315041322,dvd,5.378,0,P29033
GJB2,W44S,36.6858,41.7529,5.0671,pathogenic,-3,-0.9,-0.8,0.1,227.8,89,-138.8,91.74,-61.24,-50.93,10.31,8.22,25.47,17.25,Turn,226,TRUE,FALSE,W,S,0.031136364,0.178111888,dvd,6.426,0,P29033
GJB2,L56P,42.2365,41.8469,-0.3896,pathogenic,-3,3.8,-1.6,-5.4,166.7,112.7,-54,94.41,-10.02,-18.6,-8.58,183.64,130.23,-53.41,Loop,226,TRUE,FALSE,L,P,0.961465969,0.845649351,dvd,4.088,1.418,P29033
GJB2,A197S,40.134,40.232,0.098,pathogenic,1,1.8,-0.8,-2.6,88.6,89,0.4,93.88,-98.09,-97.77,0.32,53.96,53.18,-0.78,Helix,226,TRUE,TRUE,A,S,0.445950413,0.371888112,dvd,4.532,1.968,P29033
GJB2,R143L,32.0247,31.8911,-0.1336,pathogenic,-2,-4.5,3.8,8.3,173.4,166.7,-6.7,95.75,-133.6,-140.4,-6.8,11.08,6.96,-4.12,Helix,226,TRUE,TRUE,R,L,0.041811321,0.036439791,dvd,5.323,0.529,P29033
GJB2,K61Q,40.6663,40.619,-0.0473,pathogenic,1,-3.9,-3.5,0.4,168.6,143.8,-24.8,95.38,-4.01,-7.54,-3.53,64.62,73.59,8.97,Helix,226,TRUE,FALSE,K,Q,0.280956522,0.343878505,dvd,4.392,1.904,P29033
GJB2,R98Q,38.3534,38.5272,0.1738,pathogenic,1,-4.5,-3.5,1,173.4,143.8,-29.6,85.03,-5.43,-0.75,4.68,75.96,88.18,12.22,Helix,226,TRUE,FALSE,R,Q,0.286641509,0.412056075,dvd,4.259,2.177,P29033
GJB2,G12D,42.1093,42.7868,0.6775,pathogenic,-1,-0.4,-3.5,-3.1,60.1,111.1,51,63.76,-50.4,-43.28,7.12,33.36,81.56,48.2,Helix,226,TRUE,FALSE,G,D,0.343917526,0.436149733,dvd,5.553,0.051,P29033
GJB2,N206S,33.0178,32.784,-0.2338,pathogenic,1,-3.5,-0.8,2.7,114.1,89,-25.1,94.16,0,-127.1,-127.1,0.2,6.57,6.37,Helix,226,TRUE,TRUE,N,S,0.001069519,0.045944056,dvd,5.891,0.348,P29033
GJB2,I82M,41.6654,41.3967,-0.2687,pathogenic,1,4.5,1.9,-2.6,166.7,162.9,-3.8,91.77,-128.7,-127.4,1.3,104.08,93.07,-11.01,Helix,226,TRUE,TRUE,I,M,0.53374359,0.458472906,dvd,4.99,0.087,P29033
GJB2,D50Y,40.9094,40.9096,0.0002,pathogenic,-3,-3.5,-1.3,2.2,111.1,193.6,82.5,93.63,-8.19,-8.13,0.06,71.04,128.92,57.88,Turn,226,TRUE,FALSE,D,Y,0.379893048,0.505568627,dvd,5.682,1.13,P29033
GJB2,A78S,39.042,39.2601,0.2181,pathogenic,1,1.8,-0.8,-2.6,88.6,89,0.4,92.75,-96.45,-92.03,4.42,35.8,39.29,3.49,Helix,226,TRUE,TRUE,A,S,0.295867769,0.274755245,dvd,5.148,0.728,P29033
GJB2,S85P,32.817,35.1319,2.3149,pathogenic,-1,-0.8,-1.6,-0.8,89,112.7,23.7,90.52,-123.9,-137.5,-13.6,16.28,26.73,10.45,Helix,226,TRUE,TRUE,S,P,0.113846154,0.173571429,dvd,4.857,0.802,P29033
GJB2,E47Q,35.2493,35.6735,0.4242,pathogenic,2,-3.5,-3.5,0,138.4,143.8,5.4,90.69,-61.33,-59.34,1.99,30.26,36.45,6.19,Turn,226,TRUE,FALSE,E,Q,0.141401869,0.170327103,dvd,5.539,0.108,P29033
GJB2,R32H,37.2105,37.9707,0.7602,pathogenic,0,-4.5,-3.2,1.3,173.4,153.2,-20.2,88.68,-100.6,-94.81,5.79,1.99,14,12.01,Helix,226,TRUE,TRUE,R,H,0.007509434,0.064814815,dvd,5.38,0,P29033
GJB2,T86R,41.6867,41.0271,-0.6596,pathogenic,-1,-0.7,-4.5,-3.8,116.1,173.4,57.3,91.63,-119.8,-116.1,3.7,57.55,114.69,57.14,Helix,226,TRUE,TRUE,T,R,0.353067485,0.432792453,dvd,5.312,0.568,P29033
GJB2,M34T,39.1856,40.3581,1.1725,pathogenic,-1,1.9,-0.7,-2.6,162.9,116.1,-46.8,83.43,-52.54,-52.66,-0.12,97.19,75.28,-21.91,Helix,226,TRUE,TRUE,M,T,0.478768473,0.461840491,dvd,5.869,1.011,P29033
GJB2,K22N,37.4421,37.7145,0.2724,pathogenic,0,-3.9,-3.5,0.4,168.6,114.1,-54.5,84.73,-86.86,-97.54,-10.68,84.73,46.44,-38.29,Helix,226,TRUE,TRUE,K,N,0.368391304,0.248342246,dvd,4.715,0.913,P29033
GJB2,P58R,42.2191,43.0778,0.8587,pathogenic,-2,-1.6,-4.5,-2.9,112.7,173.4,60.7,95.52,-14.3,-8.99,5.31,107.64,217.76,110.12,Loop,226,TRUE,FALSE,P,R,0.698961039,0.821735849,dvd,5.979,0,P29033
GJB2,R184P,39.2726,41.2291,1.9565,pathogenic,-2,-4.5,-1.6,2.9,173.4,112.7,-60.7,92.99,-13.77,-16.13,-2.36,110.7,58.97,-51.73,Loop,226,TRUE,FALSE,R,P,0.417735849,0.382922078,dvd,5.35,0.346,P29033
GJB2,R75W,40.7837,40.8781,0.0944,pathogenic,-3,-4.5,-0.9,3.6,173.4,227.8,54.4,93.03,-82.4,-107.7,-25.3,157.29,152.15,-5.14,Helix,226,TRUE,TRUE,R,W,0.59354717,0.576325758,dvd,5.38,0,P29033
GJB2,E119K,39.8985,39.7655,-0.133,pathogenic,1,-3.5,-3.9,-0.4,138.4,168.6,30.2,78.56,3.29,5.55,2.26,126.07,116.02,-10.05,Loop,226,TRUE,FALSE,E,K,0.58911215,0.504434783,dvd,5.452,1.036,P29033
GJB2,F115C,40.0526,43.0543,3.0017,pathogenic,-2,2.8,2.5,-0.3,189.9,108.5,-81.4,76.5,-0.76,-0.31,0.45,13.92,20.22,6.3,Loop,226,TRUE,FALSE,F,C,0.061052632,0.136621622,dvd,3.615,2.892,P29033
GJB2,I33T,38.8676,40.1356,1.268,pathogenic,-1,4.5,-0.7,-5.2,166.7,116.1,-50.6,85.82,-97.2,-87.07,10.13,13.32,19.81,6.49,Helix,226,TRUE,TRUE,I,T,0.068307692,0.121533742,dvd,4.543,1.089,P29033
GJB2,T18I,40.8092,39.3981,-1.4111,pathogenic,-1,-0.7,4.5,5.2,116.1,166.7,50.6,78.38,-68.43,-66.69,1.74,30.05,32.78,2.73,Loop,226,TRUE,FALSE,T,I,0.184355828,0.168102564,dvd,5.378,0,P29033
GJB2,D46N,41.6145,41.4425,-0.172,pathogenic,1,-3.5,-3.5,0,111.1,114.1,3,89.36,-21.11,-19.7,1.41,71.42,87.76,16.34,Turn,226,TRUE,FALSE,D,N,0.381925134,0.469304813,dvd,6.154,0,P29033
GJB2,H16R,35.9062,35.7687,-0.1375,pathogenic,0,-3.2,-4.5,-1.3,153.2,173.4,20.2,65.55,-50.59,-47.13,3.46,42.48,54.89,12.41,Beta strand,226,TRUE,FALSE,H,R,0.196666667,0.207132075,dvd,6.112,0.57,P29033
GJB2,T186K,41.5563,41.6663,0.11,pathogenic,-1,-0.7,-3.9,-3.2,116.1,168.6,52.5,94.07,-22.87,-20.17,2.7,97.88,146.43,48.55,Helix,226,TRUE,FALSE,T,K,0.600490798,0.636652174,dvd,5.378,0,P29033
GJB2,E42D,40.706,41.0962,0.3902,pathogenic,2,-3.5,-3.5,0,138.4,111.1,-27.3,87.43,-36.67,-30.96,5.71,114.1,98.18,-15.92,Helix,226,TRUE,FALSE,E,D,0.53317757,0.525026738,dvd,4.116,1.822,P29033
GJB2,C202R,35.3573,42.6689,7.3116,pathogenic,-3,2.5,-4.5,-7,108.5,173.4,64.9,94.73,0,0,0,0,0,0,Helix,226,TRUE,TRUE,C,R,0,0,dvd,5.907,0.018,P29033
GJB2,A88S,32.7235,33.1557,0.4322,pathogenic,1,1.8,-0.8,-2.6,88.6,89,0.4,87.96,-94.97,-95.4,-0.43,5.69,3.11,-2.58,Helix,226,TRUE,TRUE,A,S,0.047024793,0.021748252,dvd,5.327,0.529,P29033
GJB2,Q80R,36.509,37.1702,0.6612,pathogenic,1,-3.5,-4.5,-1,143.8,173.4,29.6,94.76,-114.6,-117.5,-2.9,10.18,5.12,-5.06,Helix,226,TRUE,TRUE,Q,R,0.047570093,0.019320755,dvd,6.16,0,P29033
GJB2,P70L,41.6414,43.0425,1.4011,pathogenic,-3,-1.6,3.8,5.4,112.7,166.7,54,93.92,-47.63,-47.03,0.6,79.19,119.29,40.1,Loop,226,TRUE,FALSE,P,L,0.514220779,0.624554974,dvd,5.979,0,P29033
GJB2,T55P,40.8651,47.0597,6.1946,pathogenic,-1,-0.7,-1.6,-0.9,116.1,112.7,-3.4,95.03,-14.86,-14,0.86,36.68,37.91,1.23,Loop,226,TRUE,FALSE,T,P,0.225030675,0.246168831,dvd,5.378,0,P29033
GJB2,H100Q,36.5229,35.9633,-0.5596,pathogenic,0,-3.2,-3.5,-0.3,153.2,143.8,-9.4,86.51,-0.97,4.41,5.38,121.59,92.16,-29.43,Helix,226,TRUE,FALSE,H,Q,0.562916667,0.430654206,dvd,5.973,1.425,P29033
GJB2,L10P,34.1494,40.2587,6.1093,pathogenic,-3,3.8,-1.6,-5.4,166.7,112.7,-54,63.64,-69.72,-70.37,-0.65,13.51,9.65,-3.86,Helix,226,TRUE,FALSE,L,P,0.070732984,0.062662338,dvd,4.208,0.957,P29033
GJB2,I30V,40.9471,41.3883,0.4412,pathogenic,3,4.5,4.2,-0.3,166.7,140,-26.7,83.57,-70.66,-72.72,-2.06,89.18,76.2,-12.98,Helix,226,TRUE,TRUE,I,V,0.457333333,0.461818182,dvd,4.909,0.555,P29033
GJB2,P225L,42.2858,43.0724,0.7866,pathogenic,-3,-1.6,3.8,5.4,112.7,166.7,54,30.3,-1.7,-2.15,-0.45,120.73,164.38,43.65,Loop,226,TRUE,FALSE,P,L,0.783961039,0.860628272,dvd,3.634,3.001,P29033
GJB2,L81V,32.9809,34.1208,1.1399,pathogenic,1,3.8,4.2,0.4,166.7,140,-26.7,92.46,-115.3,-117.6,-2.3,25.1,17.26,-7.84,Helix,226,TRUE,TRUE,L,V,0.131413613,0.104606061,dvd,4.65,0.04,P29033
GJB2,G12R,42.1093,42.0696,-0.0397,pathogenic,-2,-0.4,-4.5,-4.1,60.1,173.4,113.3,63.76,-50.4,-44.29,6.11,33.36,90.62,57.26,Helix,226,TRUE,FALSE,G,R,0.343917526,0.341962264,dvd,5.553,0.051,P29033
GJB2,E42K,40.706,39.9981,-0.7079,pathogenic,1,-3.5,-3.9,-0.4,138.4,168.6,30.2,87.43,-36.67,-36.29,0.38,114.1,119.27,5.17,Helix,226,TRUE,FALSE,E,K,0.53317757,0.518565217,dvd,4.116,1.822,P29033
GJB2,L6P,34.0994,36.8564,2.757,pathogenic,-3,3.8,-1.6,-5.4,166.7,112.7,-54,64.54,-58.77,-55.63,3.14,40.27,18.57,-21.7,Helix,226,TRUE,FALSE,L,P,0.210837696,0.120584416,dvd,4.484,0.7,P29033
GJB2,C169Y,40.9566,67.2093,26.2527,pathogenic,-2,2.5,-1.3,-3.8,108.5,193.6,85.1,96.51,-6.7,-12.32,-5.62,0.97,1.25,0.28,Beta strand,226,TRUE,FALSE,C,Y,0.006554054,0.004901961,dvd,5.91,0,P29033
GJB2,M34L,39.1856,39.7342,0.5486,pathogenic,2,1.9,3.8,1.9,162.9,166.7,3.8,83.43,-52.54,-53.21,-0.67,97.19,98.95,1.76,Helix,226,TRUE,TRUE,M,L,0.478768473,0.518062827,dvd,5.869,1.011,P29033
GJB2,C60G,41.4306,47.41,5.9794,pathogenic,-3,2.5,-0.4,-2.9,108.5,60.1,-48.4,96.33,0,0,0,0,0,0,Helix,226,TRUE,FALSE,C,G,0,0,dvd,5.907,0.045,P29033
GJB2,V37I,41.367,40.9126,-0.4544,pathogenic,3,4.2,4.5,0.3,140,166.7,26.7,85.36,-53.87,-52.05,1.82,84.27,107.4,23.13,Helix,226,TRUE,TRUE,V,I,0.510727273,0.550769231,dvd,4.718,0.073,P29033
GJB2,E101G,39.0741,39.928,0.8539,pathogenic,-2,-3.5,-0.4,3.1,138.4,60.1,-78.3,87.94,0.92,-0.55,-1.47,66.56,31.58,-34.98,Helix,226,TRUE,FALSE,E,G,0.311028037,0.32556701,dvd,4.823,2.123,P29033
GJB2,R143W,32.0247,41.2364,9.2117,pathogenic,-3,-4.5,-0.9,3.6,173.4,227.8,54.4,95.75,-133.6,-132.9,0.7,11.08,14.98,3.9,Helix,226,TRUE,TRUE,R,W,0.041811321,0.056742424,dvd,5.323,0.529,P29033
GJB2,N54H,41.8801,42.3462,0.4661,pathogenic,1,-3.5,-3.2,0.3,114.1,153.2,39.1,96.05,-6.82,-9.24,-2.42,114.91,146.1,31.19,Beta strand,226,TRUE,FALSE,N,H,0.614491979,0.676388889,dvd,5.917,0,P29033
GJB2,G130D,39.9924,41.85,1.8576,pathogenic,-1,-0.4,-3.5,-3.1,60.1,111.1,51,81.82,-20.32,-9.42,10.9,62.88,117.08,54.2,Helix,226,TRUE,FALSE,G,D,0.648247423,0.626096257,dvd,5.556,0,P29033
GJB2,V84A,33.0345,34.3982,1.3637,pathogenic,0,4.2,1.8,-2.4,140,88.6,-51.4,93.07,0,0,0,0,0.04,0.04,Helix,226,TRUE,TRUE,V,A,0,0.000330579,dvd,4.733,0,P29033
GJB2,L36P,38.1782,44.652,6.4738,pathogenic,-3,3.8,-1.6,-5.4,166.7,112.7,-54,87.39,-82,-82.09,-0.09,19.32,19.3,-0.02,Helix,226,TRUE,TRUE,L,P,0.101151832,0.125324675,dvd,4.6,0.529,P29033
GJB2,W172R,42.2582,42.5802,0.322,pathogenic,-3,-0.9,-4.5,-3.6,227.8,173.4,-54.4,94.6,-15.59,5.49,21.08,222.61,214.29,-8.32,Loop,226,TRUE,FALSE,W,R,0.843219697,0.808641509,dvd,5.437,2.389,P29033
GJB2,D159V,39.3965,40.0247,0.6282,pathogenic,-3,-3.5,4.2,7.7,111.1,140,28.9,89.64,-42.69,-45.62,-2.93,115.32,112.62,-2.7,Loop,226,TRUE,FALSE,D,V,0.616684492,0.682545455,dvd,5.007,1.806,P29033
GJB2,S19T,38.1964,38.0195,-0.1769,pathogenic,1,-0.8,-0.7,0.1,89,116.1,27.1,81.72,-76.13,-86.22,-10.09,85.39,99.56,14.17,Helix,226,TRUE,FALSE,S,T,0.597132867,0.610797546,dvd,4.621,1.155,P29033
GJB2,P173R,42.2227,44.0744,1.8517,pathogenic,-2,-1.6,-4.5,-2.9,112.7,173.4,60.7,95.65,-16.64,-7.27,9.37,29.73,166.67,136.94,Loop,226,TRUE,FALSE,P,R,0.193051948,0.628943396,dvd,5.976,0.047,P29033
GJB2,N14K,35.2826,34.3033,-0.9793,pathogenic,0,-3.5,-3.9,-0.4,114.1,168.6,54.5,68.11,-75.57,-74.35,1.22,57.75,68.9,11.15,Helix,226,TRUE,FALSE,N,K,0.308823529,0.299565217,dvd,5.914,0.029,P29033
GJB2,C174Y,41.6998,76.2126,34.5128,pathogenic,-2,2.5,-1.3,-3.8,108.5,193.6,85.1,95.22,-12,-12.22,-0.22,15,15,0,Beta strand,226,TRUE,FALSE,C,Y,0.101351351,0.058823529,dvd,5.907,0.047,P29033
GJB2,T55N,40.8651,43.1271,2.262,pathogenic,0,-0.7,-3.5,-2.8,116.1,114.1,-2,95.03,-14.86,-16.51,-1.65,36.68,48.24,11.56,Loop,226,TRUE,FALSE,T,N,0.225030675,0.257967914,dvd,5.378,0,P29033
GJB2,L10W,34.1494,34.0446,-0.1048,pathogenic,-2,3.8,-0.9,-4.7,166.7,227.8,61.1,63.64,-69.72,-77.21,-7.49,13.51,6.92,-6.59,Helix,226,TRUE,FALSE,L,W,0.070732984,0.026212121,dvd,4.208,0.957,P29033
GJB2,R98W,38.3534,38.5542,0.2008,pathogenic,-3,-4.5,-0.9,3.6,173.4,227.8,54.4,85.03,-5.43,-15.08,-9.65,75.96,89.23,13.27,Helix,226,TRUE,FALSE,R,W,0.286641509,0.337992424,dvd,4.259,2.177,P29033
GJB2,W44G,36.6858,42.2465,5.5607,pathogenic,-2,-0.9,-0.4,0.5,227.8,60.1,-167.7,91.74,-61.24,-52.17,9.07,8.22,23.15,14.93,Turn,226,TRUE,FALSE,W,G,0.031136364,0.238659794,dvd,6.426,0,P29033
GJB2,P70A,41.6414,43.8012,2.1598,pathogenic,-1,-1.6,1.8,3.4,112.7,88.6,-24.1,93.92,-47.63,-46.79,0.84,79.19,76.98,-2.21,Loop,226,TRUE,FALSE,P,A,0.514220779,0.636198347,dvd,5.979,0,P29033
GJB2,E147K,30.3693,34.511,4.1417,pathogenic,1,-3.5,-3.9,-0.4,138.4,168.6,30.2,96.04,0,-145.5,-145.5,0,0.81,0.81,Helix,226,TRUE,TRUE,E,K,0,0.003521739,dvd,5.542,0.072,P29033
GJB2,H100Y,36.5229,35.8997,-0.6232,pathogenic,2,-3.2,-1.3,1.9,153.2,193.6,40.4,86.51,-0.97,-6.41,-5.44,121.59,141.78,20.19,Helix,226,TRUE,FALSE,H,Y,0.562916667,0.556,dvd,5.973,1.425,P29033
GJB2,G59S,41.7671,44.6333,2.8662,pathogenic,0,-0.4,-0.8,-0.4,60.1,89,28.9,95.32,-18.53,-11.78,6.75,37.28,67.2,29.92,Loop,226,TRUE,FALSE,G,S,0.384329897,0.46993007,dvd,5.553,0.045,P29033
GJB2,R75Q,40.7837,40.3087,-0.475,pathogenic,1,-4.5,-3.5,1,173.4,143.8,-29.6,93.03,-82.4,-89.23,-6.83,157.29,86.1,-71.19,Helix,226,TRUE,TRUE,R,Q,0.59354717,0.402336449,dvd,5.38,0,P29033
GJB2,N206H,33.0178,34.511,1.4932,pathogenic,1,-3.5,-3.2,0.3,114.1,153.2,39.1,94.16,0,-119,-119,0.2,0.38,0.18,Helix,226,TRUE,TRUE,N,H,0.001069519,0.001759259,dvd,5.891,0.348,P29033
GJB2,R98P,38.3534,41.8545,3.5011,pathogenic,-2,-4.5,-1.6,2.9,173.4,112.7,-60.7,85.03,-5.43,-6.23,-0.8,75.96,60.45,-15.51,Helix,226,TRUE,FALSE,R,P,0.286641509,0.392532468,dvd,4.259,2.177,P29033
GJB2,F161S,39.7724,42.5486,2.7762,pathogenic,-2,2.8,-0.8,-3.6,189.9,89,-100.9,87.83,-74.09,-55.73,18.36,81.03,56.73,-24.3,Beta strand,226,TRUE,FALSE,F,S,0.355394737,0.396713287,dvd,3.965,0.996,P29033
GJB2,A40V,39.1519,39.8403,0.6884,pathogenic,0,1.8,4.2,2.4,88.6,140,51.4,80.66,-57.73,-61.89,-4.16,32.21,50.7,18.49,Helix,226,TRUE,TRUE,A,V,0.266198347,0.307272727,dvd,5.372,0.074,P29033
GJB2,T208P,40.4193,43.285,2.8657,pathogenic,-1,-0.7,-1.6,-0.9,116.1,112.7,-3.4,94.46,-93.2,-94.83,-1.63,76.15,64.13,-12.02,Helix,226,TRUE,TRUE,T,P,0.467177914,0.416428571,dvd,2.86,1.095,P29033
GJB2,G12C,42.1093,42.8576,0.7483,pathogenic,-3,-0.4,2.5,2.9,60.1,108.5,48.4,63.76,-50.4,-50.52,-0.12,33.36,60.86,27.5,Helix,226,TRUE,FALSE,G,C,0.343917526,0.411216216,dvd,5.553,0.051,P29033
GJB2,H73R,33.8667,35.3515,1.4848,pathogenic,0,-3.2,-4.5,-1.3,153.2,173.4,20.2,92.5,-73.13,-72.88,0.25,6.09,4.86,-1.23,Helix,226,TRUE,FALSE,H,R,0.028194444,0.018339623,dvd,6.205,0,P29033
GJB2,W172C,42.2582,42.8632,0.605,pathogenic,-2,-0.9,2.5,3.4,227.8,108.5,-119.3,94.6,-15.59,-3.45,12.14,222.61,115.87,-106.74,Loop,226,TRUE,FALSE,W,C,0.843219697,0.782905405,dvd,5.437,2.389,P29033
GJB2,A88P,32.7235,32.9441,0.2206,pathogenic,-1,1.8,-1.6,-3.4,88.6,112.7,24.1,87.96,-94.97,-95.2,-0.23,5.69,3.41,-2.28,Helix,226,TRUE,TRUE,A,P,0.047024793,0.022142857,dvd,5.327,0.529,P29033
GJB2,W134R,39.3983,39.9448,0.5465,pathogenic,-3,-0.9,-4.5,-3.6,227.8,173.4,-54.4,89.46,-63.26,-27.25,36.01,177.58,165.57,-12.01,Helix,226,TRUE,FALSE,W,R,0.672651515,0.624792453,dvd,6.426,0,P29033
GJB2,V153A,41.5307,41.663,0.1323,pathogenic,0,4.2,1.8,-2.4,140,88.6,-51.4,95.55,-84.13,-80.89,3.24,61.39,43.76,-17.63,Helix,226,TRUE,TRUE,V,A,0.372060606,0.361652893,dvd,3.881,1.767,P29033
GJB2,S139C,34.151,34.6329,0.4819,pathogenic,-1,-0.8,2.5,3.3,89,108.5,19.5,93.71,-95.74,-93.12,2.62,8.68,9.14,0.46,Helix,226,TRUE,TRUE,S,C,0.060699301,0.061756757,dvd,5.134,0,P29033
GJB2,V178M,41.145,42.4201,1.2751,pathogenic,1,4.2,1.9,-2.3,140,162.9,22.9,96.31,-6.47,-7.03,-0.56,8.55,30.53,21.98,Beta strand,226,TRUE,FALSE,V,M,0.051818182,0.150394089,dvd,4.727,0.067,P29033
GJB2,I35S,37.1114,39.8391,2.7277,pathogenic,-2,4.5,-0.8,-5.3,166.7,89,-77.7,83.36,-76.64,-72.92,3.72,8.13,0.61,-7.52,Helix,226,TRUE,TRUE,I,S,0.041692308,0.004265734,dvd,4.461,0.919,P29033
GJB2,C174R,41.6998,62.7117,21.0119,pathogenic,-3,2.5,-4.5,-7,108.5,173.4,64.9,95.22,-12,-9.35,2.65,15,58.04,43.04,Beta strand,226,TRUE,FALSE,C,R,0.101351351,0.219018868,dvd,5.907,0.047,P29033
GJB2,S138N,38.3313,38.1952,-0.1361,pathogenic,1,-0.8,-3.5,-2.7,89,114.1,25.1,92.88,-76.42,-69.01,7.41,34.7,62.94,28.24,Helix,226,TRUE,TRUE,S,N,0.242657343,0.33657754,dvd,4.245,1.932,P29033
GJB2,I111V,39.2461,40.9535,1.7074,pathogenic,3,4.5,4.2,-0.3,166.7,140,-26.7,76.91,-0.6,-0.49,0.11,32.98,27.41,-5.57,Loop,226,TRUE,FALSE,I,V,0.169128205,0.166121212,dvd,2.306,2.968,P29033
GJB2,W24L,34.7071,32.2772,-2.4299,pathogenic,-2,-0.9,3.8,4.7,227.8,166.7,-61.1,89.14,-130,-128.6,1.4,1.39,3.08,1.69,Helix,226,TRUE,TRUE,W,L,0.005265152,0.016125654,dvd,6.426,0,P29033
GJB2,L205V,38.9171,41.041,2.1239,pathogenic,1,3.8,4.2,0.4,166.7,140,-26.7,94.43,-132.6,-130.1,2.5,34.96,21.78,-13.18,Helix,226,TRUE,TRUE,L,V,0.183036649,0.132,dvd,4.653,0.022,P29033
GJB2,P58A,42.2191,42.8332,0.6141,pathogenic,-1,-1.6,1.8,3.4,112.7,88.6,-24.1,95.52,-14.3,-15.07,-0.77,107.64,86.67,-20.97,Loop,226,TRUE,FALSE,P,A,0.698961039,0.716280992,dvd,5.979,0,P29033
GJB2,D179N,41.7984,41.6786,-0.1198,pathogenic,1,-3.5,-3.5,0,111.1,114.1,3,97.18,-2.2,-2.83,-0.63,49.61,46.48,-3.13,Beta strand,226,TRUE,FALSE,D,N,0.265294118,0.24855615,dvd,6.154,0,P29033
GJB2,V153I,41.5307,40.528,-1.0027,benign,3,4.2,4.5,0.3,140,166.7,26.7,95.55,-84.13,-82.36,1.77,61.39,61.43,0.04,Helix,226,TRUE,TRUE,V,I,0.372060606,0.315025641,dvd,3.881,1.767,P29033
GJB2,E114G,40.4011,41.4196,1.0185,benign,-2,-3.5,-0.4,3.1,138.4,60.1,-78.3,73.36,1.93,0.04,-1.89,116.96,59.18,-57.78,Loop,226,TRUE,FALSE,E,G,0.546542056,0.610103093,dvd,4.861,1.999,P29033
GJB2,R127H,41.3103,41.3507,0.0404,benign,0,-4.5,-3.2,1.3,173.4,153.2,-20.2,66.22,6.07,-0.55,-6.62,188.75,131.5,-57.25,Loop,226,TRUE,FALSE,R,H,0.712264151,0.608796296,dvd,4.554,1.874,P29033
GJB2,I203T,39.5079,41.5481,2.0402,benign,-1,4.5,-0.7,-5.2,166.7,116.1,-50.6,95.62,-139.3,-137.7,1.6,29.25,26.98,-2.27,Helix,226,TRUE,TRUE,I,T,0.15,0.165521472,dvd,4.277,1.323,P29033
GJB2,V27I,40.8947,40.0616,-0.8331,benign,3,4.2,4.5,0.3,140,166.7,26.7,86.65,-103.8,-103.2,0.6,19.16,20.29,1.13,Helix,226,TRUE,TRUE,V,I,0.116121212,0.104051282,dvd,4.727,0.04,P29033
GJB2,G4S,39.5082,39.4921,-0.0161,benign,0,-0.4,-0.8,-0.4,60.1,89,28.9,67.02,-32.62,-28.91,3.71,40.36,69.18,28.82,Loop,226,TRUE,FALSE,G,S,0.416082474,0.483776224,patmut,4.825,1.856,P29033
GJB2,T5A,41.5699,41.4415,-0.1284,benign,0,-0.7,1.8,2.5,116.1,88.6,-27.5,70.86,-26.21,-36.92,-10.71,74.61,49.43,-25.18,Helix,226,TRUE,FALSE,T,A,0.457730061,0.408512397,patmut,4.25,1.729,P29033
GJB2,T5G,41.5699,42.1755,0.6056,benign,-2,-0.7,-0.4,0.3,116.1,60.1,-56,70.86,-26.21,-31.07,-4.86,74.61,34.94,-39.67,Helix,226,TRUE,FALSE,T,G,0.457730061,0.360206186,patmut,4.25,1.729,P29033
GJB2,Q7H,38.1731,39.2825,1.1094,benign,0,-3.5,-3.2,0.3,143.8,153.2,9.4,65.87,-47.84,-39.5,8.34,124.05,112.28,-11.77,Helix,226,TRUE,FALSE,Q,H,0.579672897,0.519814815,patmut,4.566,1.648,P29033
GJB2,T8K,42.1666,41.6301,-0.5365,benign,-1,-0.7,-3.9,-3.2,116.1,168.6,52.5,69.3,-24.32,-7.02,17.3,100.81,138.26,37.45,Helix,226,TRUE,FALSE,T,K,0.618466258,0.601130435,patmut,4.67,1.518,P29033
GJB2,T8S,42.1666,41.8854,-0.2812,benign,1,-0.7,-0.8,-0.1,116.1,89,-27.1,69.3,-24.32,-24.39,-0.07,100.81,71.46,-29.35,Helix,226,TRUE,FALSE,T,S,0.618466258,0.49972028,patmut,4.67,1.518,P29033
GJB2,H16Y,35.9062,36.1471,0.2409,benign,2,-3.2,-1.3,1.9,153.2,193.6,40.4,65.55,-50.59,-47.49,3.1,42.48,46.16,3.68,Beta strand,226,TRUE,FALSE,H,Y,0.196666667,0.181019608,patmut,6.112,0.57,P29033
GJB2,I20F,38.2314,38.6087,0.3773,benign,0,4.5,2.8,-1.7,166.7,189.9,23.2,83.56,-88.55,-101.4,-12.85,42.5,79.17,36.67,Helix,226,TRUE,FALSE,I,F,0.217948718,0.347236842,patmut,4.807,1.019,P29033
GJB2,L28I,30.3229,30.7478,0.4249,benign,2,3.8,4.5,0.7,166.7,166.7,0,85.61,-127.9,-127.5,0.4,2.08,3.61,1.53,Helix,226,TRUE,TRUE,L,I,0.010890052,0.018512821,patmut,3.825,1.599,P29033
GJB2,I30V,40.9471,41.3883,0.4412,benign,3,4.5,4.2,-0.3,166.7,140,-26.7,83.57,-70.66,-72.72,-2.06,89.18,76.2,-12.98,Helix,226,TRUE,TRUE,I,V,0.457333333,0.461818182,patmut,4.909,0.555,P29033
GJB2,I33V,38.8676,40.047,1.1794,benign,3,4.5,4.2,-0.3,166.7,140,-26.7,85.82,-97.2,-87.06,10.14,13.32,16.32,3,Helix,226,TRUE,TRUE,I,V,0.068307692,0.098909091,patmut,4.543,1.089,P29033
GJB2,V52I,41.6248,41.2778,-0.347,benign,3,4.2,4.5,0.3,140,166.7,26.7,95.96,-7.39,-5.96,1.43,87.28,98.18,10.9,Beta strand,226,TRUE,FALSE,V,I,0.528969697,0.503487179,patmut,3.637,1.841,P29033
GJB2,V52T,41.6248,41.7025,0.0777,benign,0,4.2,-0.7,-4.9,140,116.1,-23.9,95.96,-7.39,-4.8,2.59,87.28,68.8,-18.48,Beta strand,226,TRUE,FALSE,V,T,0.528969697,0.42208589,patmut,3.637,1.841,P29033
GJB2,L56Q,42.2365,42.2365,0,benign,-2,3.8,-3.5,-7.3,166.7,143.8,-22.9,94.41,-10.02,-4.95,5.07,183.64,188.87,5.23,Loop,226,TRUE,FALSE,L,Q,0.961465969,0.882570093,patmut,4.088,1.418,P29033
GJB2,Y68F,38.8864,37.5816,-1.3048,benign,3,-1.3,2.8,4.1,193.6,189.9,-3.7,93.73,-26.22,-28.74,-2.52,62.6,45.88,-16.72,Helix,226,TRUE,FALSE,Y,F,0.245490196,0.20122807,patmut,3.35,0.738,P29033
GJB2,Y68H,38.8864,38.9439,0.0575,benign,2,-1.3,-3.2,-1.9,193.6,153.2,-40.4,93.73,-26.22,-25.72,0.5,62.6,42.61,-19.99,Helix,226,TRUE,FALSE,Y,H,0.245490196,0.197268519,patmut,3.35,0.738,P29033
GJB2,I71V,41.3683,42.0242,0.6559,benign,3,4.5,4.2,-0.3,166.7,140,-26.7,94.43,-83.3,-81.48,1.82,38.33,33.52,-4.81,Loop,226,TRUE,FALSE,I,V,0.196564103,0.203151515,patmut,4.498,1.002,P29033
GJB2,S85T,32.817,32.2026,-0.6144,benign,1,-0.8,-0.7,0.1,89,116.1,27.1,90.52,-123.9,-123.6,0.3,16.28,14.9,-1.38,Helix,226,TRUE,TRUE,S,T,0.113846154,0.091411043,patmut,4.857,0.802,P29033
GJB2,T86A,41.6867,41.2058,-0.4809,benign,0,-0.7,1.8,2.5,116.1,88.6,-27.5,91.63,-119.8,-114.8,5,57.55,38.96,-18.59,Helix,226,TRUE,TRUE,T,A,0.353067485,0.321983471,patmut,5.312,0.568,P29033
GJB2,Y97H,39.1876,39.6551,0.4675,benign,2,-1.3,-3.2,-1.9,193.6,153.2,-40.4,88.38,-7.52,-6.27,1.25,141.54,129.79,-11.75,Helix,226,TRUE,FALSE,Y,H,0.555058824,0.60087963,patmut,5.676,0.561,P29033
GJB2,R98H,38.3534,38.999,0.6456,benign,0,-4.5,-3.2,1.3,173.4,153.2,-20.2,85.03,-5.43,-6.4,-0.97,75.96,82.4,6.44,Helix,226,TRUE,FALSE,R,H,0.286641509,0.381481481,patmut,4.259,2.177,P29033
GJB2,R98Q,38.3534,38.5272,0.1738,benign,1,-4.5,-3.5,1,173.4,143.8,-29.6,85.03,-5.43,-0.75,4.68,75.96,88.18,12.22,Helix,226,TRUE,FALSE,R,Q,0.286641509,0.412056075,patmut,4.259,2.177,P29033
GJB2,R98W,38.3534,38.5542,0.2008,benign,-3,-4.5,-0.9,3.6,173.4,227.8,54.4,85.03,-5.43,-15.08,-9.65,75.96,89.23,13.27,Helix,226,TRUE,FALSE,R,W,0.286641509,0.337992424,patmut,4.259,2.177,P29033
GJB2,R98Y,38.3534,36.4618,-1.8916,benign,-2,-4.5,-1.3,3.2,173.4,193.6,20.2,85.03,-5.43,-7.66,-2.23,75.96,77.48,1.52,Helix,226,TRUE,FALSE,R,Y,0.286641509,0.303843137,patmut,4.259,2.177,P29033
GJB2,K102M,38.9499,37.8875,-1.0624,benign,-1,-3.9,1.9,5.8,168.6,162.9,-5.7,84.67,3.17,-0.61,-3.78,81.16,56.93,-24.23,Helix,226,TRUE,FALSE,K,M,0.352869565,0.28044335,patmut,3.989,2.297,P29033
GJB2,I107M,40.5281,40.5061,-0.022,benign,1,4.5,1.9,-2.6,166.7,162.9,-3.8,85.85,-1.13,-0.87,0.26,115.35,114.34,-1.01,Turn,226,TRUE,FALSE,I,M,0.591538462,0.563251232,patmut,2.448,2.49,P29033
GJB2,I107V,40.5281,41.1457,0.6176,benign,3,4.5,4.2,-0.3,166.7,140,-26.7,85.85,-1.13,-1.14,-0.01,115.35,114.83,-0.52,Turn,226,TRUE,FALSE,I,V,0.591538462,0.695939394,patmut,2.448,2.49,P29033
GJB2,K108R,41.6182,41.8028,0.1846,benign,2,-3.9,-4.5,-0.6,168.6,173.4,4.8,89.52,4.96,13.88,8.92,124.95,184.81,59.86,Turn,226,TRUE,FALSE,K,R,0.54326087,0.697396226,patmut,3.655,2.506,P29033
GJB2,I111M,39.2461,40.1132,0.8671,benign,1,4.5,1.9,-2.6,166.7,162.9,-3.8,76.91,-0.6,-0.34,0.26,32.98,28.49,-4.49,Loop,226,TRUE,FALSE,I,M,0.169128205,0.140344828,patmut,2.306,2.968,P29033
GJB2,I111T,39.2461,41.7499,2.5038,benign,-1,4.5,-0.7,-5.2,166.7,116.1,-50.6,76.91,-0.6,0.03,0.63,32.98,26.38,-6.6,Loop,226,TRUE,FALSE,I,T,0.169128205,0.161840491,patmut,2.306,2.968,P29033
GJB2,S113N,41.8684,41.9814,0.113,benign,1,-0.8,-3.5,-2.7,89,114.1,25.1,66.12,1,9.82,8.82,114.97,150.56,35.59,Loop,226,TRUE,FALSE,S,N,0.803986014,0.80513369,patmut,2.422,2.952,P29033
GJB2,S113T,41.8684,42.207,0.3386,benign,1,-0.8,-0.7,0.1,89,116.1,27.1,66.12,1,0.15,-0.85,114.97,138.88,23.91,Loop,226,TRUE,FALSE,S,T,0.803986014,0.85202454,patmut,2.422,2.952,P29033
GJB2,F115Y,40.0526,40.385,0.3324,benign,3,2.8,-1.3,-4.1,189.9,193.6,3.7,76.5,-0.76,-0.51,0.25,13.92,20.38,6.46,Loop,226,TRUE,FALSE,F,Y,0.061052632,0.079921569,patmut,3.615,2.892,P29033
GJB2,D117N,39.3547,39.789,0.4343,benign,1,-3.5,-3.5,0,111.1,114.1,3,78.57,3.32,3.51,0.19,87.84,81.84,-6,Loop,226,TRUE,FALSE,D,N,0.46973262,0.437647059,patmut,5.641,1.524,P29033
GJB2,I118L,40.7885,40.4516,-0.3369,benign,2,4.5,3.8,-0.7,166.7,166.7,0,76.94,-1.02,-0.84,0.18,60.12,55.55,-4.57,Loop,226,TRUE,FALSE,I,L,0.308307692,0.290837696,patmut,3.853,2.061,P29033
GJB2,K122R,39.7335,40.5114,0.7779,benign,2,-3.9,-4.5,-0.6,168.6,173.4,4.8,71.33,5.79,7.1,1.31,118.67,163.65,44.98,Loop,226,TRUE,FALSE,K,R,0.515956522,0.61754717,patmut,4.992,0.931,P29033
GJB2,T123K,39.9816,39.6959,-0.2857,benign,-1,-0.7,-3.9,-3.2,116.1,168.6,52.5,69.07,-0.23,6.25,6.48,90.29,145.04,54.75,Loop,226,TRUE,FALSE,T,K,0.55392638,0.630608696,patmut,2.348,2.642,P29033
GJB2,T123N,39.9816,39.6356,-0.346,benign,0,-0.7,-3.5,-2.8,116.1,114.1,-2,69.07,-0.23,0.9,1.13,90.29,99.37,9.08,Loop,226,TRUE,FALSE,T,N,0.55392638,0.531390374,patmut,2.348,2.642,P29033
GJB2,T123S,39.9816,39.5954,-0.3862,benign,1,-0.7,-0.8,-0.1,116.1,89,-27.1,69.07,-0.23,0.62,0.85,90.29,88.96,-1.33,Loop,226,TRUE,FALSE,T,S,0.55392638,0.622097902,patmut,2.348,2.642,P29033
GJB2,V126I,35.0014,34.4981,-0.5033,benign,3,4.2,4.5,0.3,140,166.7,26.7,67.1,0.01,-0.36,-0.37,45.17,62.45,17.28,Loop,226,TRUE,FALSE,V,I,0.273757576,0.32025641,patmut,3.5,2.306,P29033
GJB2,S131P,39.0404,38.1179,-0.9225,benign,-1,-0.8,-1.6,-0.8,89,112.7,23.7,84.99,-24.41,-17.83,6.58,65.58,94.75,29.17,Helix,226,TRUE,FALSE,S,P,0.458601399,0.61525974,patmut,4.218,2.095,P29033
GJB2,S138G,38.3313,38.9794,0.6481,benign,0,-0.8,-0.4,0.4,89,60.1,-28.9,92.88,-76.42,-77.6,-1.18,34.7,34.08,-0.62,Helix,226,TRUE,TRUE,S,G,0.242657343,0.351340206,patmut,4.245,1.932,P29033
GJB2,V144I,36.8986,35.7361,-1.1625,benign,3,4.2,4.5,0.3,140,166.7,26.7,96.46,-137.2,-135.2,2,27.04,20.23,-6.81,Helix,226,TRUE,TRUE,V,I,0.163878788,0.10374359,patmut,2.232,2.019,P29033
GJB2,I145V,40.3793,41.2655,0.8862,benign,3,4.5,4.2,-0.3,166.7,140,-26.7,97.61,-133.6,-131.6,2,72.03,80.71,8.68,Helix,226,TRUE,TRUE,I,V,0.369384615,0.489151515,patmut,4.022,1.788,P29033
GJB2,A149V,41.3848,41.69,0.3052,benign,0,1.8,4.2,2.4,88.6,140,51.4,97.49,-134.5,-130.9,3.6,44.96,74.39,29.43,Helix,226,TRUE,TRUE,A,V,0.371570248,0.450848485,patmut,3.489,2.363,P29033
GJB2,V156I,40.9401,39.8783,-1.0618,benign,3,4.2,4.5,0.3,140,166.7,26.7,94.29,-87.71,-71.85,15.86,92.31,91.6,-0.71,Helix,226,TRUE,TRUE,V,I,0.559454545,0.46974359,patmut,1.387,2.572,P29033
GJB2,D159N,39.3965,38.7737,-0.6228,benign,1,-3.5,-3.5,0,111.1,114.1,3,89.64,-42.69,-42.86,-0.17,115.32,115.62,0.3,Loop,226,TRUE,FALSE,D,N,0.616684492,0.61828877,patmut,5.007,1.806,P29033
GJB2,S162A,39.1441,39.1533,0.0092,benign,1,-0.8,1.8,2.6,89,88.6,-0.4,90.79,-35.34,-36.57,-1.23,70.64,64.59,-6.05,Beta strand,226,TRUE,FALSE,S,A,0.493986014,0.533801653,patmut,1.902,2.77,P29033
GJB2,S162F,39.1441,38.1959,-0.9482,benign,-2,-0.8,2.8,3.6,89,189.9,100.9,90.79,-35.34,-53.42,-18.08,70.64,145.31,74.67,Beta strand,226,TRUE,FALSE,S,F,0.493986014,0.637324561,patmut,1.902,2.77,P29033
GJB2,Q164K,38.739,38.5277,-0.2113,benign,1,-3.5,-3.9,-0.4,143.8,168.6,24.8,91.01,-23.49,-20.82,2.67,90.05,93.78,3.73,Loop,226,TRUE,FALSE,Q,K,0.420794393,0.40773913,patmut,3.39,1.66,P29033
GJB2,N170G,41.5467,42.0036,0.4569,benign,0,-3.5,-0.4,3.1,114.1,60.1,-54,96.18,-7.32,-11.51,-4.19,113.94,58.13,-55.81,Loop,226,TRUE,FALSE,N,G,0.609304813,0.599278351,patmut,4.147,2.322,P29033
GJB2,N170S,41.5467,41.5655,0.0188,benign,1,-3.5,-0.8,2.7,114.1,89,-25.1,96.18,-7.32,-9.8,-2.48,113.94,76.75,-37.19,Loop,226,TRUE,FALSE,N,S,0.609304813,0.536713287,patmut,4.147,2.322,P29033
GJB2,N170T,41.5467,42.4702,0.9235,benign,0,-3.5,-0.7,2.8,114.1,116.1,2,96.18,-7.32,-8.63,-1.31,113.94,91.85,-22.09,Loop,226,TRUE,FALSE,N,T,0.609304813,0.563496933,patmut,4.147,2.322,P29033
GJB2,N176T,42.307,44.5848,2.2778,benign,0,-3.5,-0.7,2.8,114.1,116.1,2,94.24,-12,-15.16,-3.16,133.68,115.37,-18.31,Beta strand,226,TRUE,FALSE,N,T,0.71486631,0.707791411,patmut,5.911,0.067,P29033
GJB2,V178E,41.145,45.2931,4.1481,benign,-2,4.2,-3.5,-7.7,140,138.4,-1.6,96.31,-6.47,-5.46,1.01,8.55,22.12,13.57,Beta strand,226,TRUE,FALSE,V,E,0.051818182,0.103364486,patmut,4.727,0.067,P29033
GJB2,V182I,37.3732,37.171,-0.2022,benign,3,4.2,4.5,0.3,140,166.7,26.7,94.47,-29.35,-28.65,0.7,12.09,14.53,2.44,Loop,226,TRUE,FALSE,V,I,0.073272727,0.074512821,patmut,3.865,0.974,P29033
GJB2,I196V,39.841,40.5602,0.7192,benign,3,4.5,4.2,-0.3,166.7,140,-26.7,93.32,-96.7,-98.77,-2.07,33.84,26.25,-7.59,Helix,226,TRUE,TRUE,I,V,0.173538462,0.159090909,patmut,3.952,1.545,P29033
GJB2,A197V,40.134,40.4885,0.3545,benign,0,1.8,4.2,2.4,88.6,140,51.4,93.88,-98.09,-99.99,-1.9,53.96,81.31,27.35,Helix,226,TRUE,TRUE,A,V,0.445950413,0.492787879,patmut,4.532,1.968,P29033
GJB2,C202R,35.3573,42.6689,7.3116,benign,-3,2.5,-4.5,-7,108.5,173.4,64.9,94.73,0,0,0,0,0,0,Helix,226,TRUE,TRUE,C,R,0,0,patmut,5.907,0.018,P29033
GJB2,L205F,38.9171,39.22,0.3029,benign,0,3.8,2.8,-1,166.7,189.9,23.2,94.43,-132.6,-136.3,-3.7,34.96,54.81,19.85,Helix,226,TRUE,TRUE,L,F,0.183036649,0.240394737,patmut,4.653,0.022,P29033
GJB2,V207I,40.503,39.5414,-0.9616,benign,3,4.2,4.5,0.3,140,166.7,26.7,95.67,-112.1,-112.3,-0.2,58.67,69.5,10.83,Helix,226,TRUE,TRUE,V,I,0.355575758,0.356410256,patmut,4.094,1.392,P29033
GJB2,L214M,39.9841,39.9731,-0.011,benign,2,3.8,1.9,-1.9,166.7,162.9,-3.8,89.56,-51.66,-45.71,5.95,77.08,70.22,-6.86,Helix,226,TRUE,FALSE,L,M,0.403560209,0.34591133,patmut,3.497,1.705,P29033
GJB2,Y217F,39.5632,39.4001,-0.1631,benign,3,-1.3,2.8,4.1,193.6,189.9,-3.7,84.71,-33.37,-33.84,-0.47,89.92,88.7,-1.22,Loop,226,TRUE,FALSE,Y,F,0.352627451,0.389035088,patmut,3.204,2.531,P29033
GJB2,G220A,41.0302,40.3939,-0.6363,benign,0,-0.4,1.8,2.2,60.1,88.6,28.5,67.75,-12.11,-7.93,4.18,46.31,63.87,17.56,Loop,226,TRUE,FALSE,G,A,0.47742268,0.52785124,patmut,2.786,2.657,P29033
GJB2,G220K,41.0302,40.3061,-0.7241,benign,-2,-0.4,-3.9,-3.5,60.1,168.6,108.5,67.75,-12.11,-8.41,3.7,46.31,127.67,81.36,Loop,226,TRUE,FALSE,G,K,0.47742268,0.555086957,patmut,2.786,2.657,P29033
GJB2,K221R,40.3616,40.5176,0.156,benign,2,-3.9,-4.5,-0.6,168.6,173.4,4.8,58.02,-32.87,-31.35,1.52,118.05,158.71,40.66,Loop,226,TRUE,FALSE,K,R,0.51326087,0.59890566,patmut,3.017,2.023,P29033
GJB2,K223R,41.1277,40.1259,-1.0018,benign,2,-3.9,-4.5,-0.6,168.6,173.4,4.8,45.22,-9.98,-14.45,-4.47,173.18,194.31,21.13,Loop,226,TRUE,FALSE,K,R,0.752956522,0.733245283,patmut,4.153,2.317,P29033
GJB2,V226A,42.2999,42.0699,-0.23,benign,0,4.2,1.8,-2.4,140,88.6,-51.4,31.64,-4.49,-3.27,1.22,208.66,153.81,-54.85,Loop,226,TRUE,FALSE,V,A,1.264606061,1.271157025,patmut,2.554,3.335,P29033
