gene,variant,pathogenicity,uniprot_id,stability_WT,stability_MUT,blosum,hydrophobicity_WT,hydrophobicity_MUT,volume_WT,volume_MUT,plddt_residue,secondary_structure,sequence_length,protein_contain_transmembrane,is_residue_transmembranal,aa_WT,aa_MUT,stability_delta,hydrophobicity_delta,volume_delta,oda_WT,oda_MUT,sasa_WT,sasa_MUT,RSA_WT,RSA_MUT,oda_delta,sasa_delta,pssm,entropy
WFS1,T5A,benign,O76024,406.243,406.41,0,-0.7,1.8,116.1,88.6,36.76,Loop,890,True,False,T,A,0.167,2.5,-27.5,0.62,-0.65,144.59,110.51,0.887055215,0.913305785,-1.27,-34.08,3.675,3.042
WFS1,P7A,benign,O76024,406.55,406.82,-1,-1.6,1.8,112.7,88.6,37.6,Loop,890,True,False,P,A,0.27,3.4,-24.1,-4.56,-3.77,129.82,103.89,0.842987013,0.858595041,0.79,-25.93,4.586,2.483
WFS1,P7Q,benign,O76024,406.55,406.421,-1,-1.6,-3.5,112.7,143.8,37.6,Loop,890,True,False,P,Q,-0.129,-1.9,31.1,-4.56,-0.57,129.82,171.78,0.842987013,0.80271028,3.99,41.96,4.586,2.483
WFS1,P16L,benign,O76024,405.8,406.781,-3,-1.6,3.8,112.7,166.7,33.77,Loop,890,True,False,P,L,0.981,5.4,54.0,-9.79,-8.98,118.89,163.92,0.772012987,0.858219895,0.81,45.03,4.641,2.163
WFS1,P17L,benign,O76024,405.187,405.847,-3,-1.6,3.8,112.7,166.7,34.09,Loop,890,True,False,P,L,0.66,5.4,54.0,-6.19,-7.48,127.58,131.68,0.828441558,0.689424084,-1.29,4.1,3.746,2.255
WFS1,P17S,benign,O76024,405.187,405.958,-1,-1.6,-0.8,112.7,89.0,34.09,Loop,890,True,False,P,S,0.771,0.8,-23.7,-6.19,-7.3,127.58,88.51,0.828441558,0.618951049,-1.11,-39.07,3.746,2.255
WFS1,P19L,benign,O76024,406.144,406.77,-3,-1.6,3.8,112.7,166.7,31.47,Loop,890,True,False,P,L,0.626,5.4,54.0,-3.69,-5.04,128.26,146.8,0.832857143,0.768586387,-1.35,18.54,3.874,2.101
WFS1,A23T,benign,O76024,406.55,406.644,0,1.8,-0.7,88.6,116.1,29.11,Loop,890,True,False,A,T,0.094,-2.5,27.5,-0.79,0.88,106.9,136.89,0.883471074,0.839815951,1.67,29.99,3.576,2.723
WFS1,R40G,benign,O76024,405.946,405.954,-2,-4.5,-0.4,173.4,60.1,26.25,Loop,890,True,False,R,G,0.008,4.1,-113.3,6.16,-0.13,230.89,53.13,0.871283019,0.547731959,-6.29,-177.76,1.836,3.262
WFS1,P41L,benign,O76024,406.367,406.415,-3,-1.6,3.8,112.7,166.7,29.71,Loop,890,True,False,P,L,0.048,5.4,54.0,-1.53,-1.61,135.09,163.68,0.877207792,0.856963351,-0.08,28.59,4.499,2.153
WFS1,P44S,benign,O76024,406.466,406.254,-1,-1.6,-0.8,112.7,89.0,35.4,Loop,890,True,False,P,S,-0.212,0.8,-23.7,-1.94,0.56,135.4,117.45,0.879220779,0.821328671,2.5,-17.95,4.438,1.757
WFS1,P44T,benign,O76024,406.466,406.188,-1,-1.6,-0.7,112.7,116.1,35.4,Loop,890,True,False,P,T,-0.278,0.9,3.4,-1.94,-0.67,135.4,135.97,0.879220779,0.834171779,1.27,0.57,4.438,1.757
WFS1,Q47P,benign,O76024,406.001,404.047,-1,-3.5,-1.6,143.8,112.7,23.6,Loop,890,True,False,Q,P,-1.954,1.9,-31.1,-2.7,-6.59,183.06,132.97,0.855420561,0.863441558,-3.89,-50.09,4.642,2.635
WFS1,G49S,benign,O76024,406.55,408.398,0,-0.4,-0.8,60.1,89.0,28.35,Loop,890,True,False,G,S,1.848,-0.4,28.9,-4.52,-2.53,70.99,104.6,0.73185567,0.731468531,1.99,33.61,3.809,1.823
WFS1,G51S,benign,O76024,406.549,406.493,0,-0.4,-0.8,60.1,89.0,28.9,Loop,890,True,False,G,S,-0.056,-0.4,28.9,-4.13,-2.41,73.15,112.7,0.754123711,0.788111888,1.72,39.55,4.28,1.487
WFS1,G53S,benign,O76024,406.549,407.363,0,-0.4,-0.8,60.1,89.0,25.2,Loop,890,True,False,G,S,0.814,-0.4,28.9,0.48,1.69,74.56,101.84,0.768659794,0.712167832,1.21,27.28,3.189,3.305
WFS1,V54G,benign,O76024,406.521,408.708,-3,4.2,-0.4,140.0,60.1,30.2,Loop,890,True,False,V,G,2.187,-4.6,-79.9,-1.26,0.51,155.74,84.34,0.943878788,0.869484536,1.77,-71.4,3.068,3.03
WFS1,A57T,benign,O76024,406.55,405.883,0,1.8,-0.7,88.6,116.1,27.54,Loop,890,True,False,A,T,-0.667,-2.5,27.5,-0.4,0.85,103.51,133.05,0.855454545,0.816257669,1.25,29.54,3.375,2.598
WFS1,A57V,benign,O76024,406.55,407.059,0,1.8,4.2,88.6,140.0,27.54,Loop,890,True,False,A,V,0.509,2.4,51.4,-0.4,-1.79,103.51,146.82,0.855454545,0.889818182,-1.39,43.31,3.375,2.598
WFS1,Q64H,benign,O76024,405.759,407.716,0,-3.5,-3.2,143.8,153.2,24.81,Loop,890,True,False,Q,H,1.957,0.3,9.4,2.39,-6.75,178.54,159.85,0.834299065,0.740046296,-9.14,-18.69,3.91,3.031
WFS1,A65T,benign,O76024,405.974,406.071,0,1.8,-0.7,88.6,116.1,26.47,Loop,890,True,False,A,T,0.097,-2.5,27.5,-1.13,0.12,89.16,118.19,0.736859504,0.725092025,1.25,29.03,3.375,2.789
WFS1,Q66H,benign,O76024,405.68,407.497,0,-3.5,-3.2,143.8,153.2,25.53,Loop,890,True,False,Q,H,1.817,0.3,9.4,2.41,-3.92,165.71,161.12,0.774345794,0.745925926,-6.33,-4.59,3.147,2.671
WFS1,H67R,benign,O76024,405.814,405.613,0,-3.2,-4.5,153.2,173.4,26.31,Loop,890,True,False,H,R,-0.201,-1.3,20.2,-0.93,9.12,178.21,174.67,0.825046296,0.659132075,10.05,-3.54,4.404,2.77
WFS1,R71G,benign,O76024,405.706,406.021,-2,-4.5,-0.4,173.4,60.1,26.16,Loop,890,True,False,R,G,0.315,4.1,-113.3,5.96,-0.06,231.02,71.93,0.871773585,0.741546392,-6.02,-159.09,3.698,2.395
WFS1,G76C,benign,O76024,406.55,406.474,-3,-0.4,2.5,60.1,108.5,25.97,Loop,890,True,False,G,C,-0.076,2.9,48.4,0.01,-1.9,73.47,124.23,0.75742268,0.839391892,-1.91,50.76,3.942,2.494
WFS1,K81R,benign,O76024,406.296,406.007,2,-3.9,-4.5,168.6,173.4,30.44,Loop,890,True,False,K,R,-0.289,-0.6,4.8,4.66,2.98,189.17,209.41,0.822478261,0.790226415,-1.68,20.24,4.68,2.287
WFS1,M84V,benign,O76024,404.434,404.675,1,1.9,4.2,162.9,140.0,36.4,Loop,890,True,False,M,V,0.241,2.3,-22.9,-2.17,-1.69,179.47,137.44,0.88408867,0.832969697,0.48,-42.03,3.747,2.804
WFS1,I86V,benign,O76024,404.75,405.217,3,4.5,4.2,166.7,140.0,63.04,Loop,890,True,False,I,V,0.467,-0.3,-26.7,-0.91,-0.77,86.52,83.26,0.443692308,0.504606061,0.14,-3.26,3.351,2.671
WFS1,V91I,benign,O76024,402.99,403.059,3,4.2,4.5,140.0,166.7,88.5,Loop,890,True,False,V,I,0.069,0.3,26.7,-0.45,-0.34,25.04,19.15,0.151757576,0.098205128,0.11,-5.89,3.316,2.179
WFS1,V106M,benign,O76024,404.541,407.204,1,4.2,1.9,140.0,162.9,92.64,Loop,890,True,False,V,M,2.663,-2.3,22.9,0.0,-3.28,0.0,3.59,0.0,0.017684729,-3.28,3.59,4.418,1.888
WFS1,A114R,benign,O76024,397.669,401.072,-1,1.8,-4.5,88.6,173.4,84.88,Loop,890,True,False,A,R,3.403,-6.3,84.8,-0.01,11.87,8.05,31.16,0.066528926,0.117584906,11.88,23.11,5.088,0.778
WFS1,G115R,benign,O76024,406.136,404.614,-2,-0.4,-4.5,60.1,173.4,82.56,Loop,890,True,False,G,R,-1.522,-4.1,113.3,0.15,4.29,68.99,172.01,0.711237113,0.64909434,4.14,103.02,3.292,2.986
WFS1,G115S,benign,O76024,406.136,405.523,0,-0.4,-0.8,60.1,89.0,82.56,Loop,890,True,False,G,S,-0.613,-0.4,28.9,0.15,0.44,68.99,91.53,0.711237113,0.64006993,0.29,22.54,3.292,2.986
WFS1,D116N,benign,O76024,405.216,404.949,1,-3.5,-3.5,111.1,114.1,83.87,Loop,890,True,False,D,N,-0.267,0.0,3.0,2.79,1.33,123.54,124.54,0.660641711,0.665989305,-1.46,1.0,4.392,2.32
WFS1,D116P,benign,O76024,405.216,407.307,-1,-3.5,-1.6,111.1,112.7,83.87,Loop,890,True,False,D,P,2.091,1.9,1.6,2.79,-1.38,123.54,88.28,0.660641711,0.573246753,-4.17,-35.26,4.392,2.32
WFS1,T117A,benign,O76024,402.107,402.637,0,-0.7,1.8,116.1,88.6,76.93,Loop,890,True,False,T,A,0.53,2.5,-27.5,-1.23,-0.96,76.71,50.2,0.470613497,0.414876033,0.27,-26.51,1.885,3.024
WFS1,T117K,benign,O76024,402.107,401.539,-1,-0.7,-3.9,116.1,168.6,76.93,Loop,890,True,False,T,K,-0.568,-3.2,52.5,-1.23,6.29,76.71,109.85,0.470613497,0.477608696,7.52,33.14,1.885,3.024
WFS1,T117M,benign,O76024,402.107,401.419,-1,-0.7,1.9,116.1,162.9,76.93,Loop,890,True,False,T,M,-0.688,2.6,46.8,-1.23,-1.28,76.71,92.64,0.470613497,0.45635468,-0.05,15.93,1.885,3.024
WFS1,T117R,benign,O76024,402.107,401.907,-1,-0.7,-4.5,116.1,173.4,76.93,Loop,890,True,False,T,R,-0.2,-3.8,57.3,-1.23,5.41,76.71,146.33,0.470613497,0.552188679,6.64,69.62,1.885,3.024
WFS1,D118V,benign,O76024,400.832,404.391,-3,-3.5,4.2,111.1,140.0,81.83,Loop,890,True,False,D,V,3.559,7.7,28.9,3.59,-1.19,102.6,91.5,0.548663102,0.554545455,-4.78,-11.1,6.149,1.131
WFS1,E119K,benign,O76024,403.031,402.361,1,-3.5,-3.9,138.4,168.6,85.28,Loop,890,True,False,E,K,-0.67,-0.4,30.2,2.4,8.69,102.56,81.18,0.479252336,0.352956522,6.29,-21.38,5.016,1.882
WFS1,E120R,benign,O76024,404.418,405.598,0,-3.5,-4.5,138.4,173.4,84.58,Loop,890,True,False,E,R,1.18,-1.0,35.0,2.95,1.69,146.05,174.24,0.682476636,0.657509434,-1.26,28.19,5.169,1.183
WFS1,N122K,benign,O76024,400.19,398.669,0,-3.5,-3.9,114.1,168.6,89.65,Loop,890,True,False,N,K,-1.521,-0.4,54.5,0.33,1.43,17.57,39.21,0.093957219,0.170478261,1.1,21.64,6.39,0.898
WFS1,S123A,benign,O76024,403.043,402.337,1,-0.8,1.8,89.0,88.6,90.01,Loop,890,True,False,S,A,-0.706,2.6,-0.4,-0.02,-0.02,1.75,1.04,0.012237762,0.008595041,0.0,-0.71,3.019,1.527
WFS1,C124A,benign,O76024,401.859,401.102,0,2.5,1.8,108.5,88.6,91.67,Loop,890,True,False,C,A,-0.757,-0.7,-19.9,-0.86,-0.6,38.47,32.63,0.259932432,0.269669421,0.26,-5.84,6.419,1.922
WFS1,L130P,benign,O76024,405.493,412.723,-3,3.8,-1.6,166.7,112.7,94.67,Loop,890,True,False,L,P,7.23,-5.4,-54.0,0.0,-3.04,0.0,0.67,0.0,0.004350649,-3.04,0.67,4.058,1.22
WFS1,V131C,benign,O76024,403.949,405.417,-1,4.2,2.5,140.0,108.5,93.08,Loop,890,True,False,V,C,1.468,-1.7,-31.5,-0.2,-0.25,11.26,14.04,0.068242424,0.094864865,-0.05,2.78,2.768,2.333
WFS1,V131I,benign,O76024,403.949,403.138,3,4.2,4.5,140.0,166.7,93.08,Loop,890,True,False,V,I,-0.811,0.3,26.7,-0.2,-0.18,11.26,10.09,0.068242424,0.05174359,0.02,-1.17,2.768,2.333
WFS1,A141G,benign,O76024,401.681,403.34,0,1.8,-0.4,88.6,60.1,92.72,Loop,890,True,False,A,G,1.659,-2.2,-28.5,0.0,0.0,0.0,0.0,0.0,0.0,0.0,0.0,5.111,0.762
WFS1,V142L,benign,O76024,398.839,398.873,1,4.2,3.8,140.0,166.7,91.74,Loop,890,True,False,V,L,0.034,-0.4,26.7,-0.02,-0.07,1.79,4.17,0.010848485,0.021832461,-0.05,2.38,4.757,1.43
WFS1,L144T,benign,O76024,402.836,405.299,-1,3.8,-0.7,166.7,116.1,93.62,Loop,890,True,False,L,T,2.463,-4.5,-50.6,-0.62,-0.23,34.45,13.78,0.180366492,0.084539877,0.39,-20.67,4.276,1.493
WFS1,L145A,benign,O76024,400.218,404.162,-1,3.8,1.8,166.7,88.6,93.49,Loop,890,True,False,L,A,3.944,-2.0,-78.1,0.0,-0.02,0.0,2.96,0.0,0.02446281,-0.02,2.96,4.429,0.426
WFS1,R146S,benign,O76024,403.488,404.975,-1,-4.5,-0.8,173.4,89.0,92.28,Loop,890,True,False,R,S,1.487,3.7,-84.4,1.65,0.24,103.69,52.57,0.391283019,0.367622378,-1.41,-51.12,5.077,1.907
WFS1,R147Q,benign,O76024,401.813,402.136,1,-4.5,-3.5,173.4,143.8,92.54,Loop,890,True,False,R,Q,0.323,1.0,-29.6,5.3,11.61,158.54,103.58,0.598264151,0.484018692,6.31,-54.96,5.382,1.645
WFS1,A150R,benign,O76024,405.783,405.118,-1,1.8,-4.5,88.6,173.4,90.83,Loop,890,True,False,A,R,-0.665,-6.3,84.8,-0.44,12.13,83.93,182.11,0.693636364,0.687207547,12.57,98.18,4.609,2.157
WFS1,D151T,benign,O76024,405.852,404.721,-1,-3.5,-0.7,111.1,116.1,90.2,Loop,890,True,False,D,T,-1.131,2.8,5.0,1.62,-0.38,63.51,60.18,0.339625668,0.369202454,-2.0,-3.33,5.508,2.34
WFS1,R153K,benign,O76024,403.787,403.496,2,-4.5,-3.9,173.4,168.6,87.16,Loop,890,True,False,R,K,-0.291,0.6,-4.8,8.09,3.78,99.48,88.73,0.375396226,0.385782609,-4.31,-10.75,4.365,1.592
WFS1,R161Q,benign,O76024,405.678,405.252,1,-4.5,-3.5,173.4,143.8,88.31,Loop,890,True,False,R,Q,-0.426,1.0,-29.6,5.72,7.54,200.01,127.15,0.754754717,0.594158879,1.82,-72.86,1.698,2.434
WFS1,H210Q,benign,O76024,405.296,405.149,0,-3.2,-3.5,153.2,143.8,45.89,Loop,890,True,False,H,Q,-0.147,-0.3,-9.4,-2.45,2.45,169.38,174.0,0.784166667,0.813084112,4.9,4.62,5.255,2.575
WFS1,G213E,benign,O76024,406.096,409.4,-2,-0.4,-3.5,60.1,138.4,39.5,Loop,890,True,False,G,E,3.304,-3.1,78.3,0.19,1.17,65.55,149.25,0.675773196,0.697429907,0.98,83.7,4.564,2.721
WFS1,A214V,benign,O76024,406.475,408.21,0,1.8,4.2,88.6,140.0,41.61,Loop,890,True,False,A,V,1.735,2.4,51.4,-0.81,-1.67,109.94,138.97,0.908595041,0.842242424,-0.86,29.03,3.691,2.814
WFS1,L223V,benign,O76024,403.964,404.615,1,3.8,4.2,166.7,140.0,65.03,Loop,890,True,False,L,V,0.651,0.4,-26.7,-0.83,-0.71,45.46,39.43,0.238010471,0.238969697,0.12,-6.03,2.928,2.843
WFS1,D245E,benign,O76024,399.575,398.955,2,-3.5,-3.5,111.1,138.4,83.55,Loop,890,True,False,D,E,-0.62,0.0,27.3,2.13,1.92,94.11,108.99,0.503262032,0.509299065,-0.21,14.88,6.153,0.669
WFS1,I250V,benign,O76024,401.486,402.426,3,4.5,4.2,166.7,140.0,85.34,Loop,890,True,False,I,V,0.94,-0.3,-26.7,-0.33,-0.25,21.29,16.82,0.109179487,0.101939394,0.08,-4.47,5.182,1.812
WFS1,V258I,benign,O76024,404.828,404.116,3,4.2,4.5,140.0,166.7,70.14,Loop,890,True,False,V,I,-0.712,0.3,26.7,-5.27,-6.69,74.93,69.81,0.454121212,0.358,-1.42,-5.12,2.3,0.818
WFS1,F264L,benign,O76024,403.731,404.16,0,2.8,3.8,189.9,166.7,46.09,Loop,890,True,False,F,L,0.429,1.0,-23.2,-7.35,-1.53,120.0,112.7,0.526315789,0.590052356,5.82,-7.3,3.935,3.144
WFS1,M306V,benign,O76024,404.382,405.331,1,1.9,4.2,162.9,140.0,68.81,Loop,890,True,False,M,V,0.949,2.3,-22.9,-51.79,-58.67,100.91,75.25,0.497093596,0.456060606,-6.88,-25.66,4.04,2.321
WFS1,M312R,benign,O76024,404.01,403.235,-1,1.9,-4.5,162.9,173.4,62.16,Loop,890,True,False,M,R,-0.775,-6.4,10.5,-73.29,-69.93,89.06,131.19,0.438719212,0.495056604,3.36,42.13,6.194,1.419
WFS1,L315M,benign,O76024,404.855,404.778,2,3.8,1.9,166.7,162.9,56.68,Loop,890,True,True,L,M,-0.077,-1.9,-3.8,-87.66,-75.24,83.13,68.04,0.435235602,0.335172414,12.42,-15.09,4.35,0.652
WFS1,V333I,benign,O76024,403.164,402.249,3,4.2,4.5,140.0,166.7,68.06,Loop,890,True,True,V,I,-0.915,0.3,26.7,-165.0,-158.4,64.98,76.86,0.393818182,0.394153846,6.6,11.88,0.331,0.588
WFS1,A406V,benign,O76024,403.932,404.128,0,1.8,4.2,88.6,140.0,88.78,Loop,890,True,True,A,V,0.196,2.4,51.4,-150.3,-142.3,56.74,95.5,0.46892562,0.578787879,8.0,38.76,2.549,2.066
WFS1,F413V,benign,O76024,404.165,405.364,-1,2.8,4.2,189.9,140.0,92.7,Loop,890,True,True,F,V,1.199,1.4,-49.9,-214.2,-223.6,97.45,58.4,0.427412281,0.353939394,-9.4,-39.05,4.764,1.76
WFS1,I421L,benign,O76024,404.933,404.424,2,4.5,3.8,166.7,166.7,85.85,Loop,890,True,True,I,L,-0.509,-0.7,0.0,-163.0,-165.5,54.54,69.01,0.279692308,0.361308901,-2.5,14.47,4.735,1.529
WFS1,A422S,benign,O76024,403.955,404.364,1,1.8,-0.8,88.6,89.0,87.89,Loop,890,True,True,A,S,0.409,-2.6,0.4,-188.7,-191.6,5.67,6.03,0.046859504,0.042167832,-2.9,0.36,5.147,0.53
WFS1,T436A,benign,O76024,403.514,403.11,0,-0.7,1.8,116.1,88.6,94.21,Loop,890,True,True,T,A,-0.404,2.5,-27.5,0.0,0.0,0.0,0.0,0.0,0.0,0.0,0.0,0.47,1.312
WFS1,N477D,benign,O76024,403.371,403.088,1,-3.5,-3.5,114.1,111.1,60.82,Loop,890,True,True,N,D,-0.283,0.0,-3.0,-50.81,-51.39,139.26,135.59,0.744705882,0.725080214,-0.58,-3.67,5.249,2.519
WFS1,V483F,benign,O76024,405.601,405.055,-1,4.2,2.8,140.0,189.9,70.07,Loop,890,True,True,V,F,-0.546,-1.4,49.9,-82.47,-88.37,74.23,102.64,0.449878788,0.450175439,-5.9,28.41,2.579,2.723
WFS1,L484F,benign,O76024,405.312,405.562,0,3.8,2.8,166.7,189.9,72.81,Loop,890,True,True,L,F,0.25,-1.0,23.2,-90.18,-99.28,77.73,102.07,0.406963351,0.447675439,-9.1,24.34,4.24,1.131
WFS1,I489L,benign,O76024,405.93,405.573,2,4.5,3.8,166.7,166.7,80.48,Loop,890,True,False,I,L,-0.357,-0.7,0.0,-107.3,-112.2,103.12,75.62,0.528820513,0.39591623,-4.9,-27.5,2.638,2.863
WFS1,V491M,benign,O76024,405.654,404.646,1,4.2,1.9,140.0,162.9,83.73,Loop,890,True,False,V,M,-1.008,-2.3,22.9,-83.16,-82.55,67.25,79.54,0.407575758,0.39182266,0.61,12.29,4.729,1.564
WFS1,V498I,benign,O76024,404.799,404.132,3,4.2,4.5,140.0,166.7,83.17,Loop,890,True,True,V,I,-0.667,0.3,26.7,-97.33,-96.06,32.85,31.86,0.199090909,0.163384615,1.27,-0.99,4.774,1.425
WFS1,V501I,benign,O76024,405.894,404.71,3,4.2,4.5,140.0,166.7,80.99,Loop,890,True,True,V,I,-1.184,0.3,26.7,-120.7,-119.4,57.77,59.23,0.350121212,0.30374359,1.3,1.46,4.39,1.774
WFS1,V503I,benign,O76024,405.127,405.132,3,4.2,4.5,140.0,166.7,82.09,Loop,890,True,True,V,I,0.005,0.3,26.7,-107.3,-108.3,41.67,44.01,0.252545455,0.225692308,-1.0,2.34,3.432,2.137
WFS1,L506M,benign,O76024,405.397,404.52,2,3.8,1.9,166.7,162.9,84.11,Loop,890,True,True,L,M,-0.877,-1.9,-3.8,-119.2,-119.2,120.54,103.39,0.631099476,0.509310345,0.0,-17.15,4.321,1.234
WFS1,V509I,benign,O76024,404.469,403.562,3,4.2,4.5,140.0,166.7,85.61,Loop,890,True,True,V,I,-0.907,0.3,26.7,-106.0,-103.7,73.77,79.35,0.447090909,0.406923077,2.3,5.58,3.79,2.442
WFS1,L514V,benign,O76024,403.139,405.406,1,3.8,4.2,166.7,140.0,87.1,Loop,890,True,True,L,V,2.267,0.4,-26.7,-96.0,-97.13,1.95,7.39,0.010209424,0.044787879,-1.13,5.44,4.411,0.862
WFS1,Q520R,benign,O76024,405.061,404.935,1,-3.5,-4.5,143.8,173.4,82.59,Loop,890,True,False,Q,R,-0.126,-1.0,29.6,-63.16,-34.07,64.41,129.11,0.300981308,0.487207547,29.09,64.7,6.021,1.356
WFS1,F564C,benign,O76024,405.223,406.247,-2,2.8,2.5,189.9,108.5,80.35,Loop,890,True,True,F,C,1.024,-0.3,-81.4,-104.0,-96.99,129.97,57.7,0.57004386,0.389864865,7.01,-72.27,5.207,1.402
WFS1,G576S,benign,O76024,405.352,404.985,0,-0.4,-0.8,60.1,89.0,83.2,Loop,890,True,True,G,S,-0.367,-0.4,28.9,-98.69,-92.41,29.93,50.99,0.308556701,0.356573427,6.28,21.06,5.701,0.685
WFS1,T590M,benign,O76024,404.843,404.26,-1,-0.7,1.9,116.1,162.9,72.9,Loop,890,True,True,T,M,-0.583,2.6,46.8,-46.61,-48.1,115.22,142.38,0.706871166,0.70137931,-1.49,27.16,0.108,1.896
WFS1,T590V,benign,O76024,404.843,405.524,0,-0.7,4.2,116.1,140.0,72.9,Loop,890,True,True,T,V,0.681,4.9,23.9,-46.61,-47.09,115.22,127.25,0.706871166,0.771212121,-0.48,12.03,0.108,1.896
WFS1,V601M,benign,O76024,404.112,403.206,1,4.2,1.9,140.0,162.9,76.15,Loop,890,True,True,V,M,-0.906,-2.3,22.9,-78.53,-72.18,93.34,85.19,0.56569697,0.419655172,6.35,-8.15,1.994,1.448
WFS1,A602V,benign,O76024,406.082,406.595,0,1.8,4.2,88.6,140.0,78.03,Loop,890,True,True,A,V,0.513,2.4,51.4,-112.4,-113.7,54.92,93.75,0.453884298,0.568181818,-1.3,38.83,3.106,1.973
WFS1,V606M,benign,O76024,405.555,404.89,1,4.2,1.9,140.0,162.9,74.7,Loop,890,True,True,V,M,-0.665,-2.3,22.9,-126.1,-124.5,80.78,86.16,0.489575758,0.424433498,1.6,5.38,4.48,1.549
WFS1,V620M,benign,O76024,405.2,404.614,1,4.2,1.9,140.0,162.9,47.5,Loop,890,True,False,V,M,-0.586,-2.3,22.9,-98.07,-98.02,97.45,100.38,0.590606061,0.494482759,0.05,2.93,4.205,2.09
WFS1,V624L,benign,O76024,405.605,404.693,1,4.2,3.8,140.0,166.7,47.33,Loop,890,True,False,V,L,-0.912,-0.4,26.7,-83.23,-84.34,86.41,95.49,0.52369697,0.499947644,-1.11,9.08,4.39,1.852
WFS1,M632I,benign,O76024,403.683,404.04,1,1.9,4.5,162.9,166.7,73.54,Loop,890,True,True,M,I,0.357,2.6,3.8,-129.6,-130.6,53.96,36.79,0.265812808,0.188666667,-1.0,-17.17,4.04,2.356
WFS1,A671V,benign,O76024,405.47,406.01,0,1.8,4.2,88.6,140.0,85.25,Loop,890,True,False,A,V,0.54,2.4,51.4,-7.22,-7.01,71.11,107.39,0.58768595,0.650848485,0.21,36.28,2.178,2.8
WFS1,H692P,benign,O76024,404.377,405.229,-2,-3.2,-1.6,153.2,112.7,88.36,Loop,890,True,False,H,P,0.852,1.6,-40.5,-3.61,-5.96,145.66,98.09,0.674351852,0.636948052,-2.35,-47.57,7.089,0.252
WFS1,F725L,benign,O76024,399.282,400.133,0,2.8,3.8,189.9,166.7,82.61,Loop,890,True,False,F,L,0.851,1.0,-23.2,-55.11,-42.4,166.15,108.05,0.72872807,0.565706806,12.71,-58.1,3.972,2.305
WFS1,G728S,benign,O76024,398.33,398.57,0,-0.4,-0.8,60.1,89.0,85.23,Loop,890,True,False,G,S,0.24,-0.4,28.9,-83.8,-73.76,0.72,7.71,0.00742268,0.053916084,10.04,6.99,5.715,0.561
WFS1,A741T,benign,O76024,406.29,406.429,0,1.8,-0.7,88.6,116.1,79.71,Loop,890,True,False,A,T,0.139,-2.5,27.5,-1.06,-0.35,82.56,107.7,0.68231405,0.660736196,0.71,25.14,3.05,2.68
WFS1,S743R,benign,O76024,406.313,405.95,-1,-0.8,-4.5,89.0,173.4,74.73,Loop,890,True,False,S,R,-0.363,-3.7,84.4,-1.93,1.95,67.22,164.95,0.47006993,0.62245283,3.88,97.73,3.513,2.041
WFS1,G786S,benign,O76024,406.55,406.423,0,-0.4,-0.8,60.1,89.0,41.9,Loop,890,True,False,G,S,-0.127,-0.4,28.9,-3.81,-2.95,61.1,98.99,0.629896907,0.692237762,0.86,37.89,3.412,2.46
WFS1,A787T,benign,O76024,406.55,406.844,0,1.8,-0.7,88.6,116.1,45.73,Loop,890,True,False,A,T,0.294,-2.5,27.5,-0.62,0.32,114.56,146.58,0.94677686,0.899263804,0.94,32.02,2.751,2.181
WFS1,D788E,benign,O76024,406.482,406.634,2,-3.5,-3.5,111.1,138.4,46.92,Loop,890,True,False,D,E,0.152,0.0,27.3,2.51,1.33,123.74,138.13,0.66171123,0.64546729,-1.18,14.39,4.204,2.139
WFS1,D788N,benign,O76024,406.482,406.621,1,-3.5,-3.5,111.1,114.1,46.92,Loop,890,True,False,D,N,0.139,0.0,3.0,2.51,1.88,123.74,133.76,0.66171123,0.715294118,-0.63,10.02,4.204,2.139
WFS1,G789S,benign,O76024,406.55,406.984,0,-0.4,-0.8,60.1,89.0,44.05,Loop,890,True,False,G,S,0.434,-0.4,28.9,0.03,1.23,72.68,104.27,0.749278351,0.729160839,1.2,31.59,5.624,0.866
WFS1,S792G,benign,O76024,405.022,405.714,0,-0.8,-0.4,89.0,60.1,44.26,Loop,890,True,False,S,G,0.692,0.4,-28.9,0.71,-0.19,61.65,42.64,0.431118881,0.439587629,-0.9,-19.01,3.129,2.472
WFS1,S816G,benign,O76024,405.347,406.145,0,-0.8,-0.4,89.0,60.1,84.2,Loop,890,True,False,S,G,0.798,0.4,-28.9,-0.58,-0.4,54.16,49.37,0.378741259,0.508969072,0.18,-4.79,2.415,2.52
WFS1,L822V,benign,O76024,404.876,405.611,1,3.8,4.2,166.7,140.0,88.61,Loop,890,True,False,L,V,0.735,0.4,-26.7,-1.06,-0.82,55.78,43.39,0.292041885,0.262969697,0.24,-12.39,3.143,2.266
WFS1,T857A,benign,O76024,406.511,406.231,0,-0.7,1.8,116.1,88.6,50.95,Loop,890,True,False,T,A,-0.28,2.5,-27.5,-0.78,-0.91,74.27,46.62,0.455644172,0.385289256,-0.13,-27.65,0.47,2.173
WFS1,V875I,benign,O76024,405.225,404.359,3,4.2,4.5,140.0,166.7,85.11,Loop,890,True,True,V,I,-0.866,0.3,26.7,-175.5,-175.8,74.17,83.88,0.449515152,0.430153846,-0.3,9.71,2.895,2.417
WFS1,R676H,pathogenic,,405.006,405.917,0,-4.5,-3.2,173.4,153.2,81.99,Loop,890,True,False,R,H,0.911,1.3,-20.2,3.58,-7.31,177.41,98.56,0.669471698,0.456296296,-10.89,-78.85,5.247,1.7
WFS1,R685P,pathogenic,,405.14,405.167,-2,-4.5,-1.6,173.4,112.7,90.25,Loop,890,True,False,R,P,0.027,2.9,-60.7,4.4,-5.63,177.6,64.33,0.670188679,0.417727273,-10.03,-113.27,5.145,1.319
WFS1,M518K,pathogenic,,403.178,405.376,-1,1.9,-3.9,162.9,168.6,81.3,Loop,890,True,False,M,K,2.198,-5.8,5.7,-94.9,-93.46,10.77,8.86,0.053054187,0.038521739,1.44,-1.91,6.779,0.373
WFS1,L200P,pathogenic,,399.895,406.594,-3,3.8,-1.6,166.7,112.7,77.11,Loop,890,True,False,L,P,6.699,-5.4,-54.0,-2.23,-0.04,0.44,4.01,0.002303665,0.026038961,2.19,3.57,4.187,1.102
WFS1,S308C,pathogenic,,403.368,403.573,-1,-0.8,2.5,89.0,108.5,69.03,Loop,890,True,False,S,C,0.205,3.3,19.5,-71.22,-70.98,58.5,42.47,0.409090909,0.286959459,0.24,-16.03,5.066,0.429
WFS1,I296S,pathogenic,,404.388,404.947,-2,4.5,-0.8,166.7,89.0,69.89,Loop,890,True,False,I,S,0.559,-5.3,-77.7,-19.93,-26.05,111.4,61.63,0.571282051,0.430979021,-6.12,-49.77,5.243,1.572
WFS1,S236R,pathogenic,,400.621,403.727,-1,-0.8,-4.5,89.0,173.4,68.69,Loop,890,True,False,S,R,3.106,-3.7,84.4,0.17,1.99,11.92,49.02,0.083356643,0.184981132,1.82,37.1,4.636,1.97
WFS1,L432R,pathogenic,,403.069,406.057,-2,3.8,-4.5,166.7,173.4,92.36,Loop,890,True,True,L,R,2.988,-8.3,6.7,-209.7,-187.9,11.53,50.13,0.060366492,0.189169811,21.8,38.6,4.487,0.301
WFS1,R859P,pathogenic,,405.519,407.9,-2,-4.5,-1.6,173.4,112.7,61.62,Loop,890,True,False,R,P,2.381,2.9,-60.7,2.39,-0.73,137.04,56.63,0.517132075,0.367727273,-3.12,-80.41,5.561,1.109
WFS1,R832G,pathogenic,,405.204,405.481,-2,-4.5,-0.4,173.4,60.1,81.07,Loop,890,True,False,R,G,0.277,4.1,-113.3,5.41,-1.34,196.61,45.02,0.741924528,0.464123711,-6.75,-151.59,5.624,1.053
WFS1,V606L,pathogenic,,405.555,404.946,1,4.2,3.8,140.0,166.7,74.7,Loop,890,True,True,V,L,-0.609,-0.4,26.7,-126.1,-125.6,80.78,91.66,0.489575758,0.479895288,0.5,10.88,4.48,1.549
WFS1,A844T,pathogenic,,398.263,399.187,0,1.8,-0.7,88.6,116.1,88.76,Loop,890,True,False,A,T,0.924,-2.5,27.5,-0.05,0.04,2.89,15.33,0.023884298,0.09404908,0.09,12.44,5.138,0.678
WFS1,A684T,pathogenic,,405.509,405.91,0,1.8,-0.7,88.6,116.1,88.44,Loop,890,True,False,A,T,0.401,-2.5,27.5,-1.11,0.33,62.35,69.0,0.515289256,0.423312883,1.44,6.65,5.191,0.182
WFS1,P292T,pathogenic,,405.458,406.62,-1,-1.6,-0.7,112.7,116.1,56.92,Loop,890,True,False,P,T,1.162,0.9,3.4,-14.14,-12.43,74.24,84.34,0.482077922,0.517423313,1.71,10.1,5.686,0.165
WFS1,G494S,pathogenic,,406.133,408.971,0,-0.4,-0.8,60.1,89.0,81.18,Loop,890,True,False,G,S,2.838,-0.4,28.9,-66.75,-81.16,57.88,84.68,0.596701031,0.592167832,-14.41,26.8,5.796,0.302
WFS1,P504R,pathogenic,,402.956,405.503,-2,-1.6,-4.5,112.7,173.4,83.25,Loop,890,True,True,P,R,2.547,-2.9,60.7,-114.1,-116.0,4.83,9.95,0.031363636,0.03754717,-1.9,5.12,5.69,0.334
WFS1,W314R,pathogenic,,404.726,404.407,-3,-0.9,-4.5,227.8,173.4,62.54,Loop,890,True,True,W,R,-0.319,-3.6,-54.4,-54.58,-34.7,165.13,154.83,0.625492424,0.584264151,19.88,-10.3,6.994,0.365
WFS1,A58E,pathogenic,,406.533,407.39,-1,1.8,-3.5,88.6,138.4,27.97,Loop,890,True,False,A,E,0.857,-5.3,49.8,-3.37,1.94,100.01,157.05,0.826528926,0.733878505,5.31,57.04,3.751,2.833
WFS1,V624A,pathogenic,,405.605,405.494,0,4.2,1.8,140.0,88.6,47.33,Loop,890,True,False,V,A,-0.111,-2.4,-51.4,-83.23,-70.89,86.41,55.2,0.52369697,0.456198347,12.34,-31.21,4.39,1.852
WFS1,G702D,pathogenic,,405.099,418.421,-1,-0.4,-3.5,60.1,111.1,89.08,Loop,890,True,False,G,D,13.322,-3.1,51.0,0.0,0.0,0.0,0.0,0.0,0.0,0.0,0.0,5.796,0.234
WFS1,Q584P,pathogenic,,405.466,409.691,-1,-3.5,-1.6,143.8,112.7,81.98,Loop,890,True,False,Q,P,4.225,1.9,-31.1,-68.92,-68.53,100.74,58.49,0.470747664,0.379805195,0.39,-42.25,5.916,0.968
WFS1,V707F,pathogenic,,405.176,405.201,-1,4.2,2.8,140.0,189.9,93.08,Loop,890,True,False,V,F,0.025,-1.4,49.9,-0.9,-7.87,41.18,70.16,0.249575758,0.307719298,-6.97,28.98,5.008,0.883
WFS1,S807R,pathogenic,,403.431,405.049,-1,-0.8,-4.5,89.0,173.4,88.84,Loop,890,True,False,S,R,1.618,-3.7,84.4,-0.48,-12.05,35.26,112.06,0.246573427,0.422867925,-11.57,76.8,5.089,0.836
WFS1,G736R,pathogenic,,396.623,428.692,-2,-0.4,-4.5,60.1,173.4,87.22,Loop,890,True,False,G,R,32.069,-4.1,113.3,-45.91,-61.21,16.82,19.35,0.173402062,0.073018868,-15.3,2.53,5.783,0.323
WFS1,T337I,pathogenic,,404.316,405.336,-1,-0.7,4.5,116.1,166.7,65.28,Loop,890,True,False,T,I,1.02,5.2,50.6,-138.5,-142.7,51.29,69.12,0.314662577,0.354461538,-4.2,17.83,5.653,0.392
WFS1,R228H,pathogenic,,404.4,404.599,0,-4.5,-3.2,173.4,153.2,75.89,Loop,890,True,False,R,H,0.199,1.3,-20.2,5.24,9.9,139.24,86.77,0.525433962,0.401712963,4.66,-52.47,5.376,1.179
WFS1,N188S,pathogenic,,396.909,398.262,1,-3.5,-0.8,114.1,89.0,86.47,Loop,890,True,False,N,S,1.353,2.7,-25.1,0.05,-0.09,3.28,5.63,0.017540107,0.039370629,-0.14,2.35,6.432,0.482
WFS1,G674E,pathogenic,,405.865,415.346,-2,-0.4,-3.5,60.1,138.4,84.9,Loop,890,True,False,G,E,9.481,-3.1,78.3,-0.06,0.2,3.72,16.93,0.038350515,0.07911215,0.26,13.21,5.805,0.182
WFS1,P504L,pathogenic,,402.956,404.964,-3,-1.6,3.8,112.7,166.7,83.25,Loop,890,True,True,P,L,2.008,5.4,54.0,-114.1,-113.5,4.83,4.66,0.031363636,0.024397906,0.6,-0.17,5.69,0.334
WFS1,F770C,pathogenic,,398.095,399.444,-2,2.8,2.5,189.9,108.5,83.27,Loop,890,True,False,F,C,1.349,-0.3,-81.4,-95.22,-83.56,102.64,51.4,0.450175439,0.347297297,11.66,-51.24,5.386,0.842
WFS1,F350I,pathogenic,,402.317,407.5,0,2.8,4.5,189.9,166.7,93.82,Loop,890,True,True,F,I,5.183,1.7,-23.2,0.0,-219.4,0.02,8.42,8.77e-05,0.043179487,-219.4,8.4,5.444,0.338
WFS1,L543R,pathogenic,,396.871,400.446,-2,3.8,-4.5,166.7,173.4,91.92,Loop,890,True,True,L,R,3.575,-8.3,6.7,-188.8,0.0,2.93,0.04,0.015340314,0.000150943,188.8,-2.89,4.182,1.138
WFS1,K634T,pathogenic,,405.245,406.508,-1,-3.9,-0.7,168.6,116.1,83.66,Loop,890,True,True,K,T,1.263,3.2,-52.5,-127.4,-147.0,81.54,51.31,0.354521739,0.314785276,-19.6,-30.23,5.599,0.205
WFS1,T156M,pathogenic,,404.756,404.709,-1,-0.7,1.9,116.1,162.9,89.45,Loop,890,True,False,T,M,-0.047,2.6,46.8,-0.78,-1.01,56.51,75.01,0.346687117,0.369507389,-0.23,18.5,5.604,0.682
WFS1,S443I,pathogenic,,395.358,396.61,-2,-0.8,4.5,89.0,166.7,88.21,Loop,890,True,True,S,I,1.252,5.3,77.7,-153.9,-151.4,1.97,2.83,0.013776224,0.014512821,2.5,0.86,4.971,0.906
WFS1,L723P,pathogenic,,405.097,406.846,-3,3.8,-1.6,166.7,112.7,80.91,Loop,890,True,False,L,P,1.749,-5.4,-54.0,-88.92,-85.81,72.62,41.77,0.380209424,0.271233766,3.11,-30.85,4.42,0.549
WFS1,N682S,pathogenic,,405.26,405.606,1,-3.5,-0.8,114.1,89.0,86.27,Loop,890,True,False,N,S,0.346,2.7,-25.1,2.68,1.05,118.47,79.68,0.633529412,0.557202797,-1.63,-38.79,6.192,1.074
WFS1,F439C,pathogenic,,401.017,406.294,-2,2.8,2.5,189.9,108.5,93.04,Loop,890,True,True,F,C,5.277,-0.3,-81.4,-132.8,-141.5,11.66,17.86,0.051140351,0.120675676,-8.7,6.2,5.448,0.336
WFS1,H860D,pathogenic,,403.581,403.673,-1,-3.2,-3.5,153.2,111.1,60.18,Loop,890,True,False,H,D,0.092,-0.3,-42.1,-1.25,1.52,34.75,35.88,0.16087963,0.191871658,2.77,1.13,6.459,1.433
WFS1,T461P,pathogenic,,405.112,409.38,-1,-0.7,-1.6,116.1,112.7,86.92,Loop,890,True,False,T,P,4.268,-0.9,-3.4,-140.5,-141.7,14.7,16.64,0.090184049,0.108051948,-1.2,1.94,5.272,1.651
WFS1,R732C,pathogenic,,398.097,399.528,-3,-4.5,2.5,173.4,108.5,88.02,Loop,890,True,False,R,C,1.431,7.0,-64.9,-53.96,-48.66,24.67,17.38,0.09309434,0.117432432,5.3,-7.29,5.707,0.441
WFS1,G780A,pathogenic,,404.724,403.656,0,-0.4,1.8,60.1,88.6,88.36,Loop,890,True,False,G,A,-1.068,2.2,28.5,-12.08,-10.96,9.44,15.44,0.097319588,0.127603306,1.12,6.0,5.774,0.621
WFS1,P292S,pathogenic,,405.458,406.712,-1,-1.6,-0.8,112.7,89.0,56.92,Loop,890,True,False,P,S,1.254,0.8,-23.7,-14.14,-11.73,74.24,71.99,0.482077922,0.503426573,2.41,-2.25,5.686,0.165
WFS1,A874T,pathogenic,,405.016,407.214,0,1.8,-0.7,88.6,116.1,85.87,Loop,890,True,True,A,T,2.198,-2.5,27.5,-185.7,-184.3,1.43,2.94,0.011818182,0.01803681,1.4,1.51,5.129,0.753
WFS1,R383C,pathogenic,,401.887,402.17,-3,-4.5,2.5,173.4,108.5,82.76,Loop,890,True,False,R,C,0.283,7.0,-64.9,2.48,-0.79,130.32,94.59,0.491773585,0.639121622,-3.27,-35.73,5.506,1.113
WFS1,I845N,pathogenic,,404.251,408.563,-3,4.5,-3.5,166.7,114.1,90.06,Loop,890,True,False,I,N,4.312,-8.0,-52.6,-0.01,-0.01,1.1,1.66,0.005641026,0.008877005,0.0,0.56,5.702,1.067
WFS1,C690Y,pathogenic,,404.716,431.653,-2,2.5,-1.3,108.5,193.6,91.08,Loop,890,True,False,C,Y,26.937,-3.8,85.1,0.0,-1.69,0.0,0.92,0.0,0.003607843,-1.69,0.92,6.837,0.202
WFS1,R629W,pathogenic,,404.935,404.787,-3,-4.5,-0.9,173.4,227.8,57.47,Loop,890,True,False,R,W,-0.148,3.6,54.4,-29.14,-39.81,174.3,126.46,0.657735849,0.479015152,-10.67,-47.84,5.289,1.547
WFS1,N714I,pathogenic,,397.857,401.024,-3,-3.5,4.5,114.1,166.7,86.88,Loop,890,True,False,N,I,3.167,8.0,52.6,-92.41,-82.62,13.68,43.66,0.07315508,0.223897436,9.79,29.98,6.476,0.237
WFS1,G834D,pathogenic,,403.997,418.241,-1,-0.4,-3.5,60.1,111.1,83.44,Loop,890,True,False,G,D,14.244,-3.1,51.0,-0.02,-0.9,1.16,1.16,0.011958763,0.006203209,-0.88,0.0,5.752,0.563
WFS1,S356P,pathogenic,,401.441,404.029,-1,-0.8,-1.6,89.0,112.7,91.64,Loop,890,True,True,S,P,2.588,-0.8,23.7,0.0,0.0,0.0,0.0,0.0,0.0,0.0,0.0,5.038,0.65
WFS1,G674V,pathogenic,,405.865,415.085,-3,-0.4,4.2,60.1,140.0,84.9,Loop,890,True,False,G,V,9.22,4.6,79.9,-0.06,-0.31,3.72,17.57,0.038350515,0.106484848,-0.25,13.85,5.805,0.182
WFS1,N714T,pathogenic,,397.857,399.872,0,-3.5,-0.7,114.1,116.1,86.88,Loop,890,True,False,N,T,2.015,2.8,2.0,-92.41,-91.5,13.68,23.38,0.07315508,0.143435583,0.91,9.7,6.476,0.237
WFS1,G674R,pathogenic,,405.865,415.993,-2,-0.4,-4.5,60.1,173.4,84.9,Loop,890,True,False,G,R,10.128,-4.1,113.3,-0.06,-5.83,3.72,26.07,0.038350515,0.098377358,-5.77,22.35,5.805,0.182
WFS1,H696Y,pathogenic,,403.468,402.302,2,-3.2,-1.3,153.2,193.6,86.78,Loop,890,True,False,H,Y,-1.166,1.9,40.4,-3.38,-0.99,45.3,67.23,0.209722222,0.263647059,2.39,21.93,7.093,0.239
WFS1,R457S,pathogenic,,405.543,406.093,-1,-4.5,-0.8,173.4,89.0,87.38,Loop,890,True,False,R,S,0.55,3.7,-84.4,-99.69,-110.7,130.89,31.43,0.493924528,0.21979021,-11.01,-99.46,5.421,1.657
WFS1,V288M,pathogenic,,404.729,403.766,1,4.2,1.9,140.0,162.9,60.47,Loop,890,True,False,V,M,-0.963,-2.3,22.9,-11.39,-12.26,77.64,90.21,0.470545455,0.444384236,-0.87,12.57,4.534,1.854
WFS1,T699M,pathogenic,,403.756,402.763,-1,-0.7,1.9,116.1,162.9,89.65,Loop,890,True,False,T,M,-0.993,2.6,46.8,0.84,-0.27,80.51,75.09,0.49392638,0.369901478,-1.11,-5.42,5.662,0.239
WFS1,L506R,pathogenic,,405.397,405.7,-2,3.8,-4.5,166.7,173.4,84.11,Loop,890,True,True,L,R,0.303,-8.3,6.7,-119.2,-100.9,120.54,158.38,0.631099476,0.597660377,18.3,37.84,4.321,1.234
WFS1,G437R,pathogenic,,404.888,403.9,-2,-0.4,-4.5,60.1,173.4,90.6,Loop,890,True,True,G,R,-0.988,-4.1,113.3,-144.8,-173.2,23.89,108.22,0.24628866,0.408377358,-28.4,84.33,2.135,2.277
WFS1,V871G,pathogenic,,402.841,403.906,-3,4.2,-0.4,140.0,60.1,78.45,Loop,890,True,True,V,G,1.065,-4.6,-79.9,-165.5,-167.1,54.65,26.61,0.331212121,0.274329897,-1.6,-28.04,4.487,2.015
WFS1,L557F,pathogenic,,405.093,404.831,0,3.8,2.8,166.7,189.9,84.9,Loop,890,True,False,L,F,-0.262,-1.0,23.2,-102.1,-96.36,102.39,121.04,0.536073298,0.530877193,5.74,18.65,1.406,1.844
WFS1,Y669H,pathogenic,,405.559,408.576,2,-1.3,-3.2,193.6,153.2,88.04,Loop,890,True,False,Y,H,3.017,-1.9,-40.4,-7.14,-7.02,3.96,7.29,0.015529412,0.03375,0.12,3.33,6.637,0.182
WFS1,T665P,pathogenic,,405.403,404.579,-1,-0.7,-1.6,116.1,112.7,87.1,Loop,890,True,False,T,P,-0.824,-0.9,-3.4,-10.49,-11.73,65.83,67.54,0.403865031,0.438571429,-1.24,1.71,5.622,0.358
WFS1,E830A,pathogenic,,404.408,404.432,-1,-3.5,1.8,138.4,88.6,81.74,Loop,890,True,False,E,A,0.024,5.3,-49.8,1.6,-0.65,78.07,41.53,0.364813084,0.34322314,-2.25,-36.54,5.204,1.013
WFS1,S631F,pathogenic,,404.287,402.948,-2,-0.8,2.8,89.0,189.9,67.87,Loop,890,True,False,S,F,-1.339,3.6,100.9,-69.23,-90.98,36.47,98.14,0.255034965,0.430438596,-21.75,61.67,4.848,1.042
WFS1,G780R,pathogenic,,404.724,404.103,-2,-0.4,-4.5,60.1,173.4,88.36,Loop,890,True,False,G,R,-0.621,-4.1,113.3,-12.08,6.27,9.44,65.97,0.097319588,0.248943396,18.35,56.53,5.774,0.621
WFS1,L402P,pathogenic,,403.107,405.904,-3,3.8,-1.6,166.7,112.7,82.16,Loop,890,True,True,L,P,2.797,-5.4,-54.0,-70.45,-54.59,57.48,42.29,0.300942408,0.27461039,15.86,-15.19,4.47,0.481
WFS1,A126T,pathogenic,,400.916,406.041,0,1.8,-0.7,88.6,116.1,93.1,Loop,890,True,False,A,T,5.125,-2.5,27.5,0.0,0.0,0.0,0.01,0.0,6.13e-05,0.0,0.01,5.111,0.809
WFS1,M518V,pathogenic,,403.178,404.817,1,1.9,4.2,162.9,140.0,81.3,Loop,890,True,False,M,V,1.639,2.3,-22.9,-94.9,-81.15,10.77,9.85,0.053054187,0.05969697,13.75,-0.92,6.779,0.373
WFS1,H766Y,pathogenic,,399.646,398.11,2,-3.2,-1.3,153.2,193.6,89.05,Loop,890,True,False,H,Y,-1.536,1.9,40.4,-31.02,-25.59,22.14,28.67,0.1025,0.112431373,5.43,6.53,7.071,0.598
WFS1,I427N,pathogenic,,402.748,405.931,-3,4.5,-3.5,166.7,114.1,87.95,Loop,890,True,True,I,N,3.183,-8.0,-52.6,-178.7,-177.1,8.9,8.94,0.045641026,0.047807487,1.6,0.04,5.577,1.123
WFS1,V861G,pathogenic,,404.668,405.834,-3,4.2,-0.4,140.0,60.1,68.06,Loop,890,True,False,V,G,1.166,-4.6,-79.9,-0.65,0.26,78.27,43.85,0.474363636,0.452061856,0.91,-34.42,4.849,1.297
WFS1,G702S,pathogenic,,405.099,407.34,0,-0.4,-0.8,60.1,89.0,89.08,Loop,890,True,False,G,S,2.241,-0.4,28.9,0.0,0.0,0.0,0.0,0.0,0.0,0.0,0.0,5.796,0.234
WFS1,W700C,pathogenic,,405.96,412.983,-2,-0.9,2.5,227.8,108.5,90.51,Loop,890,True,False,W,C,7.023,3.4,-119.3,-0.44,-0.3,8.25,14.11,0.03125,0.095337838,0.14,5.86,7.089,0.239
WFS1,Y669C,pathogenic,,405.559,409.508,-2,-1.3,2.5,193.6,108.5,88.04,Loop,890,True,False,Y,C,3.949,3.8,-85.1,-7.14,-15.56,3.96,8.65,0.015529412,0.058445946,-8.42,4.69,6.637,0.182
WFS1,R793P,pathogenic,,406.271,404.366,-2,-4.5,-1.6,173.4,112.7,47.75,Loop,890,True,False,R,P,-1.905,2.9,-60.7,8.22,-1.59,242.36,131.18,0.914566038,0.851818182,-9.81,-111.18,2.331,2.372
WFS1,S888L,pathogenic,,400.377,399.826,-2,-0.8,3.8,89.0,166.7,82.8,Loop,890,True,True,S,L,-0.551,4.6,77.7,-119.0,-120.2,18.18,51.8,0.127132867,0.271204188,-1.2,33.62,4.869,1.408
WFS1,W540G,pathogenic,,397.152,403.217,-2,-0.9,-0.4,227.8,60.1,93.86,Loop,890,True,True,W,G,6.065,0.5,-167.7,0.0,-166.2,0.0,9.77,0.0,0.100721649,-166.2,9.77,7.098,0.334
WFS1,E864G,pathogenic,,399.26,399.943,-2,-3.5,-0.4,138.4,60.1,61.31,Loop,890,True,False,E,G,0.683,3.1,-78.3,-54.65,-60.06,89.41,59.13,0.417803738,0.609587629,-5.41,-30.28,5.326,0.633
WFS1,P346L,pathogenic,,404.285,406.791,-3,-1.6,3.8,112.7,166.7,88.25,Loop,890,True,True,P,L,2.506,5.4,54.0,-176.8,-174.9,14.09,16.23,0.091493506,0.084973822,1.9,2.14,5.69,0.186
WFS1,V248G,pathogenic,,397.823,401.116,-3,4.2,-0.4,140.0,60.1,87.76,Loop,890,True,False,V,G,3.293,-4.6,-79.9,-0.12,0.0,6.94,0.52,0.042060606,0.005360825,0.12,-6.42,5.099,0.257
WFS1,G695V,pathogenic,,404.16,411.288,-3,-0.4,4.2,60.1,140.0,83.73,Loop,890,True,False,G,V,7.128,4.6,79.9,-10.18,-7.23,0.83,13.31,0.008556701,0.080666667,2.95,12.48,5.796,0.239
WFS1,K843M,pathogenic,,400.564,400.585,-1,-3.9,1.9,168.6,162.9,87.61,Loop,890,True,False,K,M,0.021,5.8,-5.7,3.29,6.25,16.38,23.5,0.071217391,0.115763547,2.96,7.12,5.541,0.949
WFS1,L459R,pathogenic,,404.289,405.701,-2,3.8,-4.5,166.7,173.4,85.74,Loop,890,True,False,L,R,1.412,-8.3,6.7,-130.7,-112.4,23.01,67.13,0.120471204,0.253320755,18.3,44.12,4.276,1.012
WFS1,C690R,pathogenic,,404.716,423.454,-3,2.5,-4.5,108.5,173.4,91.08,Loop,890,True,False,C,R,18.738,-7.0,64.9,0.0,-2.25,0.0,31.65,0.0,0.119433962,-2.25,31.65,6.837,0.202
WFS1,I349K,pathogenic,,403.782,405.977,-3,4.5,-3.9,166.7,168.6,91.44,Loop,890,True,True,I,K,2.195,-8.4,1.9,-194.8,-176.3,14.25,21.7,0.073076923,0.094347826,18.5,7.45,4.843,1.221
WFS1,R457G,pathogenic,,405.543,406.957,-2,-4.5,-0.4,173.4,60.1,87.38,Loop,890,True,False,R,G,1.414,4.1,-113.3,-99.69,-110.9,130.89,24.29,0.493924528,0.250412371,-11.21,-106.6,5.421,1.657
WFS1,P724S,pathogenic,,405.078,407.152,-1,-1.6,-0.8,112.7,89.0,88.52,Loop,890,True,False,P,S,2.074,0.8,-23.7,-93.77,-88.79,69.92,65.49,0.454025974,0.457972028,4.98,-4.43,5.673,0.31
WFS1,G831S,pathogenic,,405.998,408.552,0,-0.4,-0.8,60.1,89.0,77.87,Loop,890,True,False,G,S,2.554,-0.4,28.9,-0.33,0.07,54.21,58.91,0.558865979,0.411958042,0.4,4.7,5.747,0.6
WFS1,D797V,pathogenic,,405.082,407.705,-3,-3.5,4.2,111.1,140.0,66.82,Loop,890,True,False,D,V,2.623,7.7,28.9,1.17,-1.14,58.14,64.92,0.310909091,0.393454545,-2.31,6.78,6.245,0.448
WFS1,R708C,pathogenic,,404.117,404.503,-3,-4.5,2.5,173.4,108.5,93.77,Loop,890,True,False,R,C,0.386,7.0,-64.9,0.57,-2.8,121.6,57.15,0.458867925,0.386148649,-3.37,-64.45,5.725,0.372
WFS1,E864K,pathogenic,,399.26,399.082,1,-3.5,-3.9,138.4,168.6,61.31,Loop,890,True,False,E,K,-0.178,-0.4,30.2,-54.65,-50.78,89.41,111.9,0.417803738,0.486521739,3.87,22.49,5.326,0.633
WFS1,P428R,pathogenic,,406.302,408.188,-2,-1.6,-4.5,112.7,173.4,88.95,Loop,890,True,True,P,R,1.886,-2.9,60.7,-160.3,-166.6,58.79,155.23,0.381753247,0.585773585,-6.3,96.44,5.681,0.249
WFS1,C505S,pathogenic,,402.851,402.022,-1,2.5,-0.8,108.5,89.0,83.22,Loop,890,True,True,C,S,-0.829,-3.3,-19.5,-123.3,-127.5,9.45,7.1,0.063851351,0.04965035,-4.2,-2.35,6.784,0.544
WFS1,R375C,pathogenic,,400.817,401.582,-3,-4.5,2.5,173.4,108.5,82.26,Loop,890,True,False,R,C,0.765,7.0,-64.9,-0.71,-0.91,72.45,40.5,0.273396226,0.273648649,-0.2,-31.95,5.551,1.112
WFS1,D729N,pathogenic,,402.993,403.637,1,-3.5,-3.5,111.1,114.1,86.45,Loop,890,True,False,D,N,0.644,0.0,3.0,-51.52,-55.41,37.12,50.9,0.198502674,0.272192513,-3.89,13.78,6.045,0.956
WFS1,Y528H,pathogenic,,404.151,405.31,2,-1.3,-3.2,193.6,153.2,71.33,Loop,890,True,False,Y,H,1.159,-1.9,-40.4,-56.64,-68.35,62.81,116.63,0.246313725,0.539953704,-11.71,53.82,6.637,0.334
WFS1,C505Y,pathogenic,,402.851,401.026,-2,2.5,-1.3,108.5,193.6,83.22,Loop,890,True,True,C,Y,-1.825,-3.8,85.1,-123.3,-120.1,9.45,44.59,0.063851351,0.174862745,3.2,35.14,6.784,0.544
WFS1,K705N,pathogenic,,404.845,405.424,0,-3.9,-3.5,168.6,114.1,90.59,Loop,890,True,False,K,N,0.579,0.4,-54.5,-0.14,1.33,39.1,57.4,0.17,0.306951872,1.47,18.3,5.397,0.972
WFS1,R375H,pathogenic,,400.817,400.363,0,-4.5,-3.2,173.4,153.2,82.26,Loop,890,True,False,R,H,-0.454,1.3,-20.2,-0.71,0.12,72.45,55.8,0.273396226,0.258333333,0.83,-16.65,5.551,1.112
WFS1,P607R,pathogenic,,404.631,406.084,-2,-1.6,-4.5,112.7,173.4,67.46,Loop,890,True,True,P,R,1.453,-2.9,60.7,-119.4,-99.28,75.4,131.33,0.48961039,0.495584906,20.12,55.93,5.628,0.353
WFS1,G831D,pathogenic,,405.998,408.281,-1,-0.4,-3.5,60.1,111.1,77.87,Loop,890,True,False,G,D,2.283,-3.1,51.0,-0.33,1.46,54.21,76.65,0.558865979,0.409893048,1.79,22.44,5.747,0.6
WFS1,E158K,pathogenic,,405.632,406.446,1,-3.5,-3.9,138.4,168.6,87.15,Loop,890,True,False,E,K,0.814,-0.4,30.2,3.46,5.18,158.32,165.5,0.739813084,0.719565217,1.72,7.18,5.308,0.681
WFS1,L592P,pathogenic,,404.311,410.512,-3,3.8,-1.6,166.7,112.7,62.44,Loop,890,True,True,L,P,6.201,-5.4,-54.0,-61.86,-59.44,22.19,22.48,0.11617801,0.145974026,2.42,0.29,4.452,0.423
WFS1,P320R,pathogenic,,406.422,407.308,-2,-1.6,-4.5,112.7,173.4,64.96,Loop,890,True,True,P,R,0.886,-2.9,60.7,-95.09,-92.47,67.86,147.72,0.440649351,0.557433962,2.62,79.86,5.646,0.235
WFS1,Y110N,pathogenic,,401.17,403.291,-2,-1.3,-3.5,193.6,114.1,92.46,Loop,890,True,False,Y,N,2.121,-2.2,-79.5,-8.19,0.18,47.91,18.0,0.187882353,0.096256684,8.37,-29.91,5.774,1.483
WFS1,M683R,pathogenic,,406.249,407.364,-1,1.9,-4.5,162.9,173.4,86.48,Loop,890,True,False,M,R,1.115,-6.4,10.5,0.03,6.94,69.62,143.24,0.342955665,0.540528302,6.91,73.62,6.738,0.626
WFS1,D171N,pathogenic,,399.245,400.657,1,-3.5,-3.5,111.1,114.1,84.46,Loop,890,True,False,D,N,1.412,0.0,3.0,-0.09,1.73,87.67,105.61,0.468823529,0.564759358,1.82,17.94,5.493,2.099
WFS1,R611C,pathogenic,,404.592,405.919,-3,-4.5,2.5,173.4,108.5,59.88,Loop,890,True,False,R,C,1.327,7.0,-64.9,-92.12,-108.3,148.21,83.32,0.559283019,0.562972973,-16.18,-64.89,5.643,0.547
WFS1,S430W,pathogenic,,400.685,400.148,-3,-0.8,-0.9,89.0,227.8,90.27,Loop,890,True,True,S,W,-0.537,-0.1,138.8,-149.9,-128.3,11.09,92.42,0.077552448,0.350075758,21.6,81.33,5.133,0.352
WFS1,D771H,pathogenic,,398.602,400.711,-1,-3.5,-3.2,111.1,153.2,87.77,Loop,890,True,False,D,H,2.109,0.3,42.1,-52.19,-60.42,15.87,35.54,0.08486631,0.164537037,-8.23,19.67,6.227,0.716
WFS1,C690G,pathogenic,,404.716,409.762,-3,2.5,-0.4,108.5,60.1,91.08,Loop,890,True,False,C,G,5.046,-2.9,-48.4,0.0,0.0,0.0,0.0,0.0,0.0,0.0,0.0,6.837,0.202
WFS1,A559D,pathogenic,,401.518,408.035,-2,1.8,-3.5,88.6,111.1,87.51,Loop,890,True,False,A,D,6.517,-5.3,22.5,-110.5,-111.6,0.66,12.85,0.005454545,0.068716578,-1.1,12.19,4.562,1.359
WFS1,Y528D,pathogenic,,404.151,405.445,-3,-1.3,-3.5,193.6,111.1,71.33,Loop,890,True,False,Y,D,1.294,-2.2,-82.5,-56.64,-59.84,62.81,82.43,0.246313725,0.440802139,-3.2,19.62,6.637,0.334
WFS1,R232P,pathogenic,,403.57,407.341,-2,-4.5,-1.6,173.4,112.7,75.57,Loop,890,True,False,R,P,3.771,2.9,-60.7,2.84,-0.74,86.09,43.87,0.324867925,0.28487013,-3.58,-42.22,5.111,2.051
WFS1,G831A,pathogenic,,405.998,408.929,0,-0.4,1.8,60.1,88.6,77.87,Loop,890,True,False,G,A,2.931,2.2,28.5,-0.33,-0.39,54.21,58.18,0.558865979,0.480826446,-0.06,3.97,5.747,0.6
WFS1,R703H,pathogenic,,404.85,405.135,0,-4.5,-3.2,173.4,153.2,89.93,Loop,890,True,False,R,H,0.285,1.3,-20.2,1.25,-3.62,115.36,66.17,0.435320755,0.306342593,-4.87,-49.19,5.685,0.638
WFS1,W639G,pathogenic,,404.09,406.37,-2,-0.9,-0.4,227.8,60.1,87.44,Loop,890,True,True,W,G,2.28,0.5,-167.7,-181.5,-167.4,164.67,28.05,0.62375,0.289175258,14.1,-136.62,6.81,0.974
WFS1,V709M,pathogenic,,402.211,401.6,1,4.2,1.9,140.0,162.9,93.44,Loop,890,True,False,V,M,-0.611,-2.3,22.9,-0.11,-0.03,68.42,85.98,0.414666667,0.423546798,0.08,17.56,4.95,0.795
WFS1,Y650H,pathogenic,,403.109,403.849,2,-1.3,-3.2,193.6,153.2,69.41,Loop,890,True,True,Y,H,0.74,-1.9,-40.4,-156.8,-151.2,96.83,66.85,0.37972549,0.309490741,5.6,-29.98,6.624,0.246
WFS1,R177P,pathogenic,,397.75,403.678,-2,-4.5,-1.6,173.4,112.7,90.69,Loop,890,True,False,R,P,5.928,2.9,-60.7,1.03,-0.11,20.68,6.83,0.078037736,0.044350649,-1.14,-13.85,5.698,0.393
WFS1,D211N,pathogenic,,403.301,403.614,1,-3.5,-3.5,111.1,114.1,45.39,Loop,890,True,False,D,N,0.313,0.0,3.0,0.66,0.53,123.01,143.91,0.657807487,0.769572193,-0.13,20.9,5.573,2.063
WFS1,L303P,pathogenic,,404.997,408.663,-3,3.8,-1.6,166.7,112.7,71.46,Loop,890,True,False,L,P,3.666,-5.4,-54.0,-59.37,-53.36,113.67,59.37,0.59513089,0.385519481,6.01,-54.3,4.456,0.438
WFS1,P838L,pathogenic,,404.978,405.397,-3,-1.6,3.8,112.7,166.7,85.24,Loop,890,True,False,P,L,0.419,5.4,54.0,-8.24,-2.47,9.32,8.46,0.060519481,0.044293194,5.77,-0.86,5.628,0.682
WFS1,D797Y,pathogenic,,405.082,406.657,-3,-3.5,-1.3,111.1,193.6,66.82,Loop,890,True,False,D,Y,1.575,2.2,82.5,1.17,-5.78,58.14,113.5,0.310909091,0.445098039,-6.95,55.36,6.245,0.448
WFS1,W678R,pathogenic,,405.712,408.252,-3,-0.9,-4.5,227.8,173.4,83.45,Loop,890,True,False,W,R,2.54,-3.6,-54.4,-0.96,4.62,33.62,101.23,0.127348485,0.382,5.58,67.61,7.098,0.182
WFS1,A716T,pathogenic,,396.968,396.879,0,1.8,-0.7,88.6,116.1,83.18,Loop,890,True,False,A,T,-0.089,-2.5,27.5,-110.9,-109.0,31.07,44.8,0.25677686,0.274846626,1.9,13.73,4.945,1.023
WFS1,I427S,pathogenic,,402.748,408.246,-2,4.5,-0.8,166.7,89.0,87.95,Loop,890,True,True,I,S,5.498,-5.3,-77.7,-178.7,-181.6,8.9,12.22,0.045641026,0.085454545,-2.9,3.32,5.577,1.123
WFS1,A761V,pathogenic,,401.378,401.697,0,1.8,4.2,88.6,140.0,81.52,Loop,890,True,False,A,V,0.319,2.4,51.4,-36.48,-30.35,35.58,40.28,0.294049587,0.244121212,6.13,4.7,4.66,1.187
WFS1,G736D,pathogenic,,396.623,418.825,-1,-0.4,-3.5,60.1,111.1,87.22,Loop,890,True,False,G,D,22.202,-3.1,51.0,-45.91,-42.87,16.82,16.86,0.173402062,0.090160428,3.04,0.04,5.783,0.323
WFS1,A616S,pathogenic,,405.687,405.442,1,1.8,-0.8,88.6,89.0,47.68,Loop,890,True,False,A,S,-0.245,-2.6,0.4,-72.23,-87.27,63.55,65.06,0.525206612,0.454965035,-15.04,1.51,3.832,2.014
WFS1,L672P,pathogenic,,404.323,407.963,-3,3.8,-1.6,166.7,112.7,87.94,Loop,890,True,False,L,P,3.64,-5.4,-54.0,-3.13,-1.17,79.52,59.36,0.416335079,0.385454545,1.96,-20.16,4.187,1.392
WFS1,H323R,pathogenic,,405.638,405.089,0,-3.2,-4.5,153.2,173.4,74.49,Loop,890,True,True,H,R,-0.549,-1.3,20.2,-102.2,-111.9,125.54,146.96,0.581203704,0.554566038,-9.7,21.42,7.058,0.281
WFS1,G107R,pathogenic,,403.693,417.362,-2,-0.4,-4.5,60.1,173.4,93.07,Loop,890,True,False,G,R,13.669,-4.1,113.3,0.0,-0.62,0.0,0.73,0.0,0.002754717,-0.62,0.73,5.649,0.883
WFS1,L382P,pathogenic,,405.839,410.274,-3,3.8,-1.6,166.7,112.7,85.45,Loop,890,True,False,L,P,4.435,-5.4,-54.0,-0.87,-0.48,57.21,38.76,0.299528796,0.251688312,0.39,-18.45,3.896,1.784
WFS1,V546D,pathogenic,,402.592,405.063,-3,4.2,-3.5,140.0,111.1,88.11,Loop,890,True,True,V,D,2.471,-7.7,-28.9,-167.0,-161.0,26.2,26.57,0.158787879,0.142085561,6.0,0.37,4.975,0.927
WFS1,D797N,pathogenic,,405.082,406.268,1,-3.5,-3.5,111.1,114.1,66.82,Loop,890,True,False,D,N,1.186,0.0,3.0,1.17,1.16,58.14,72.17,0.310909091,0.385935829,-0.01,14.03,6.245,0.448
WFS1,N661S,pathogenic,,405.474,405.909,1,-3.5,-0.8,114.1,89.0,75.54,Loop,890,True,False,N,S,0.435,2.7,-25.1,-1.87,-1.34,135.06,108.68,0.722245989,0.76,0.53,-26.38,6.467,0.257
WFS1,S430L,pathogenic,,400.685,403.146,-2,-0.8,3.8,89.0,166.7,90.27,Loop,890,True,True,S,L,2.461,4.6,77.7,-149.9,-129.5,11.09,34.49,0.077552448,0.180575916,20.4,23.4,5.133,0.352
WFS1,L511P,pathogenic,,397.651,401.956,-3,3.8,-1.6,166.7,112.7,87.65,Loop,890,True,True,L,P,4.305,-5.4,-54.0,-126.4,0.0,5.52,0.01,0.028900524,6.49e-05,126.4,-5.51,4.474,0.383
WFS1,V779G,pathogenic,,404.55,409.83,-3,4.2,-0.4,140.0,60.1,90.56,Loop,890,True,False,V,G,5.28,-4.6,-79.9,0.0,-8.25,0.0,1.22,0.0,0.01257732,-8.25,1.22,4.828,1.337
WFS1,L757I,pathogenic,,405.215,405.586,2,3.8,4.5,166.7,166.7,85.15,Loop,890,True,False,L,I,0.371,0.7,0.0,-20.03,-19.63,91.04,72.12,0.476649215,0.369846154,0.4,-18.92,4.208,1.355
WFS1,T321M,pathogenic,,403.304,402.035,-1,-0.7,1.9,116.1,162.9,71.72,Loop,890,True,True,T,M,-1.269,2.6,46.8,-142.1,-144.4,64.77,92.46,0.397361963,0.45546798,-2.3,27.69,5.618,0.434
WFS1,C742G,pathogenic,,406.033,409.488,-3,2.5,-0.4,108.5,60.1,77.97,Loop,890,True,False,C,G,3.455,-2.9,-48.4,-0.31,-1.19,78.82,59.08,0.532567568,0.609072165,-0.88,-19.74,6.811,0.359
WFS1,K836T,pathogenic,,404.89,405.894,-1,-3.9,-0.7,168.6,116.1,82.57,Loop,890,True,False,K,T,1.004,3.2,-52.5,-3.5,-7.75,96.89,55.96,0.42126087,0.343312883,-4.25,-40.93,5.466,1.043
WFS1,L664R,pathogenic,,403.81,406.26,-2,3.8,-4.5,166.7,173.4,85.44,Loop,890,True,False,L,R,2.45,-8.3,6.7,-8.2,-0.01,36.26,69.62,0.189842932,0.262716981,8.19,33.36,4.474,0.394
WFS1,V545M,pathogenic,,404.362,403.072,1,4.2,1.9,140.0,162.9,87.78,Loop,890,True,True,V,M,-1.29,-2.3,22.9,-183.0,-194.2,23.65,20.62,0.143333333,0.101576355,-11.2,-3.03,4.88,1.151
WFS1,V709G,pathogenic,,402.211,404.91,-3,4.2,-0.4,140.0,60.1,93.44,Loop,890,True,False,V,G,2.699,-4.6,-79.9,-0.11,0.8,68.42,49.84,0.414666667,0.513814433,0.91,-18.58,4.95,0.795
WFS1,G780S,pathogenic,,404.724,402.966,0,-0.4,-0.8,60.1,89.0,88.36,Loop,890,True,False,G,S,-1.758,-0.4,28.9,-12.08,-5.1,9.44,18.04,0.097319588,0.126153846,6.98,8.6,5.774,0.621
WFS1,Y669S,pathogenic,,405.559,409.955,-2,-1.3,-0.8,193.6,89.0,88.04,Loop,890,True,False,Y,S,4.396,0.5,-104.6,-7.14,-16.71,3.96,7.68,0.015529412,0.053706294,-9.57,3.72,6.637,0.182
WFS1,E202G,pathogenic,,405.935,406.561,-2,-3.5,-0.4,138.4,60.1,71.98,Loop,890,True,False,E,G,0.626,3.1,-78.3,1.58,-2.28,140.07,58.36,0.65453271,0.601649485,-3.86,-81.71,5.174,1.064
WFS1,Y508C,pathogenic,,400.934,402.87,-2,-1.3,2.5,193.6,108.5,85.13,Loop,890,True,True,Y,C,1.936,3.8,-85.1,-143.9,-128.2,32.28,19.96,0.126588235,0.134864865,15.7,-12.32,6.167,0.916
WFS1,G107E,pathogenic,,403.693,419.501,-2,-0.4,-3.5,60.1,138.4,93.07,Loop,890,True,False,G,E,15.808,-3.1,78.3,0.0,0.0,0.0,0.0,0.0,0.0,0.0,0.0,5.649,0.883
WFS1,A677T,pathogenic,,405.349,407.475,0,1.8,-0.7,88.6,116.1,81.73,Loop,890,True,False,A,T,2.126,-2.5,27.5,-0.23,-0.32,12.69,18.14,0.104876033,0.111288344,-0.09,5.45,4.849,0.766
WFS1,L432Q,pathogenic,,403.069,405.505,-2,3.8,-3.5,166.7,143.8,92.36,Loop,890,True,True,L,Q,2.436,-7.3,-22.9,-209.7,-192.0,11.53,19.78,0.060366492,0.092429907,17.7,8.25,4.487,0.301
WFS1,A133T,pathogenic,,403.32,405.442,0,1.8,-0.7,88.6,116.1,91.91,Loop,890,True,False,A,T,2.122,-2.5,27.5,0.0,0.0,0.0,0.0,0.0,0.0,0.0,0.0,5.083,0.924
WFS1,F350V,pathogenic,,402.317,407.465,-1,2.8,4.2,189.9,140.0,93.82,Loop,890,True,True,F,V,5.148,1.4,-49.9,0.0,-230.6,0.02,7.98,8.77e-05,0.048363636,-230.6,7.96,5.444,0.338
WFS1,E809K,pathogenic,,403.954,404.634,1,-3.5,-3.9,138.4,168.6,83.16,Loop,890,True,False,E,K,0.68,-0.4,30.2,0.46,8.49,86.53,104.28,0.404345794,0.453391304,8.03,17.75,5.34,0.506
WFS1,S446R,pathogenic,,404.762,403.454,-1,-0.8,-4.5,89.0,173.4,81.06,Loop,890,True,True,S,R,-1.308,-3.7,84.4,-82.86,-51.91,43.41,72.26,0.303566434,0.272679245,30.95,28.85,5.133,0.36
WFS1,G736S,pathogenic,,396.623,406.79,0,-0.4,-0.8,60.1,89.0,87.22,Loop,890,True,False,G,S,10.167,-0.4,28.9,-45.91,-42.87,16.82,16.82,0.173402062,0.117622378,3.04,0.0,5.783,0.323
WFS1,E462G,pathogenic,,402.036,402.338,-2,-3.5,-0.4,138.4,60.1,86.4,Loop,890,True,False,E,G,0.302,3.1,-78.3,-156.6,-161.7,4.72,14.92,0.022056075,0.153814433,-5.1,10.2,5.313,0.631
WFS1,W678L,pathogenic,,405.712,407.676,-2,-0.9,3.8,227.8,166.7,83.45,Loop,890,True,False,W,L,1.964,4.7,-61.1,-0.96,-0.52,33.62,57.66,0.127348485,0.301884817,0.44,24.04,7.098,0.182
WFS1,R859Q,pathogenic,,405.519,405.774,1,-4.5,-3.5,173.4,143.8,61.62,Loop,890,True,False,R,Q,0.255,1.0,-29.6,2.39,1.7,137.04,102.77,0.517132075,0.480233645,-0.69,-34.27,5.561,1.109
WFS1,S443R,pathogenic,,395.358,393.753,-1,-0.8,-4.5,89.0,173.4,88.21,Loop,890,True,True,S,R,-1.605,-3.7,84.4,-153.9,-150.7,1.97,4.42,0.013776224,0.016679245,3.2,2.45,4.971,0.906
WFS1,A684V,pathogenic,,405.509,405.652,0,1.8,4.2,88.6,140.0,88.44,Loop,890,True,False,A,V,0.143,2.4,51.4,-1.11,-1.49,62.35,77.77,0.515289256,0.471333333,-0.38,15.42,5.191,0.182
WFS1,N721Y,pathogenic,,402.428,402.639,-2,-3.5,-1.3,114.1,193.6,82.97,Loop,890,True,False,N,Y,0.211,2.2,79.5,-69.9,-77.98,92.25,135.15,0.493315508,0.53,-8.08,42.9,6.376,0.601
WFS1,F329I,pathogenic,,405.48,405.924,0,2.8,4.5,189.9,166.7,73.7,Loop,890,True,True,F,I,0.444,1.7,-23.2,-179.0,-156.5,124.85,91.43,0.547587719,0.468871795,22.5,-33.42,5.426,0.357
WFS1,E655K,pathogenic,,403.741,401.68,1,-3.5,-3.9,138.4,168.6,57.95,Loop,890,True,False,E,K,-2.061,-0.4,30.2,-90.64,-83.3,92.95,111.15,0.434345794,0.48326087,7.34,18.2,5.362,0.234
WFS1,N682D,pathogenic,,405.26,401.707,1,-3.5,-3.5,114.1,111.1,86.27,Loop,890,True,False,N,D,-3.553,0.0,-3.0,2.68,1.98,118.47,60.12,0.633529412,0.321497326,-0.7,-58.35,6.192,1.074
WFS1,A806P,pathogenic,,404.413,409.983,-1,1.8,-1.6,88.6,112.7,91.31,Loop,890,True,False,A,P,5.57,-3.4,24.1,-0.09,6.56,5.38,5.38,0.04446281,0.034935065,6.65,0.0,5.156,0.539
WFS1,R868P,pathogenic,,405.285,403.978,-2,-4.5,-1.6,173.4,112.7,70.29,Loop,890,True,False,R,P,-1.307,2.9,-60.7,-124.6,-124.1,143.95,56.46,0.543207547,0.366623377,0.5,-87.49,5.698,0.734
WFS1,E794K,benign,,404.76,404.423,1,-3.5,-3.9,138.4,168.6,48.74,Loop,890,True,False,E,K,-0.337,-0.4,30.2,2.74,3.41,112.95,154.51,0.527803738,0.671782609,0.67,41.56,4.993,1.84
WFS1,R285H,benign,,405.083,405.194,0,-4.5,-3.2,173.4,153.2,55.22,Loop,890,True,False,R,H,0.111,1.3,-20.2,-17.92,-13.95,218.12,140.63,0.82309434,0.651064815,3.97,-77.49,5.131,1.841
WFS1,R818C,benign,,405.054,405.144,-3,-4.5,2.5,173.4,108.5,86.94,Loop,890,True,False,R,C,0.09,7.0,-64.9,5.0,-3.1,199.93,83.93,0.75445283,0.567094595,-8.1,-116.0,5.184,2.236
WFS1,T117M,benign,,402.107,401.419,-1,-0.7,1.9,116.1,162.9,76.93,Loop,890,True,False,T,M,-0.688,2.6,46.8,-1.23,-1.28,76.71,92.64,0.470613497,0.45635468,-0.05,15.93,1.885,3.024
WFS1,I720V,benign,,401.92,403.522,3,4.5,4.2,166.7,140.0,83.76,Loop,890,True,False,I,V,1.602,-0.3,-26.7,-83.29,-83.44,9.78,10.68,0.050153846,0.064727273,-0.15,0.9,5.653,0.948
WFS1,V333I,benign,,403.164,402.249,3,4.2,4.5,140.0,166.7,68.06,Loop,890,True,True,V,I,-0.915,0.3,26.7,-165.0,-158.4,64.98,76.86,0.393818182,0.394153846,6.6,11.88,0.331,0.588
WFS1,M518I,benign,,403.178,403.626,1,1.9,4.5,162.9,166.7,81.3,Loop,890,True,False,M,I,0.448,2.6,3.8,-94.9,-80.58,10.77,3.9,0.053054187,0.02,14.32,-6.87,6.779,0.373
WFS1,R456H,benign,,404.861,405.157,0,-4.5,-3.2,173.4,153.2,84.46,Loop,890,True,False,R,H,0.296,1.3,-20.2,-65.24,-93.14,147.9,99.74,0.558113208,0.461759259,-27.9,-48.16,5.694,0.636
WFS1,M306T,benign,,404.382,405.519,-1,1.9,-0.7,162.9,116.1,68.81,Loop,890,True,False,M,T,1.137,-2.6,-46.8,-51.79,-52.37,100.91,59.09,0.497093596,0.362515337,-0.58,-41.82,4.04,2.321
WFS1,G786S,benign,,406.55,406.423,0,-0.4,-0.8,60.1,89.0,41.9,Loop,890,True,False,G,S,-0.127,-0.4,28.9,-3.81,-2.95,61.1,98.99,0.629896907,0.692237762,0.86,37.89,3.412,2.46
WFS1,V871M,benign,,402.841,401.278,1,4.2,1.9,140.0,162.9,78.45,Loop,890,True,True,V,M,-1.563,-2.3,22.9,-165.5,-150.2,54.65,50.45,0.331212121,0.248522167,15.3,-4.2,4.487,2.015
WFS1,A671V,benign,,405.47,406.01,0,1.8,4.2,88.6,140.0,85.25,Loop,890,True,False,A,V,0.54,2.4,51.4,-7.22,-7.01,71.11,107.39,0.58768595,0.650848485,0.21,36.28,2.178,2.8
WFS1,K193Q,benign,,406.391,406.25,1,-3.9,-3.5,168.6,143.8,78.06,Loop,890,True,False,K,Q,-0.141,0.4,-24.8,5.4,6.51,188.44,157.27,0.819304348,0.734906542,1.11,-31.17,5.456,0.989
WFS1,G576S,benign,,405.352,404.985,0,-0.4,-0.8,60.1,89.0,83.2,Loop,890,True,True,G,S,-0.367,-0.4,28.9,-98.69,-92.41,29.93,50.99,0.308556701,0.356573427,6.28,21.06,5.701,0.685
WFS1,R611H,benign,,404.592,405.284,0,-4.5,-3.2,173.4,153.2,59.88,Loop,890,True,False,R,H,0.692,1.3,-20.2,-92.12,-103.4,148.21,116.66,0.559283019,0.540092593,-11.28,-31.55,5.643,0.547
WFS1,A602V,benign,,406.082,406.595,0,1.8,4.2,88.6,140.0,78.03,Loop,890,True,True,A,V,0.513,2.4,51.4,-112.4,-113.7,54.92,93.75,0.453884298,0.568181818,-1.3,38.83,3.106,1.973
WFS1,E776V,benign,,402.274,403.689,-2,-3.5,4.2,138.4,140.0,93.61,Loop,890,True,False,E,V,1.415,7.7,1.6,0.75,-0.49,19.48,27.64,0.091028037,0.167515152,-1.24,8.16,5.331,0.668
WFS1,R161Q,benign,,405.678,405.252,1,-4.5,-3.5,173.4,143.8,88.31,Loop,890,True,False,R,Q,-0.426,1.0,-29.6,5.72,7.54,200.01,127.15,0.754754717,0.594158879,1.82,-72.86,1.698,2.434
WFS1,A559T,benign,,401.518,406.019,0,1.8,-0.7,88.6,116.1,87.51,Loop,890,True,False,A,T,4.501,-2.5,27.5,-110.5,-112.4,0.66,10.76,0.005454545,0.06601227,-1.9,10.1,4.562,1.359
WFS1,V333F,benign,,403.164,402.393,-1,4.2,2.8,140.0,189.9,68.06,Loop,890,True,True,V,F,-0.771,-1.4,49.9,-165.0,-172.7,64.98,112.6,0.393818182,0.493859649,-7.7,47.62,0.331,0.588
WFS1,Q14R,benign,,405.74,405.538,1,-3.5,-4.5,143.8,173.4,33.4,Loop,890,True,False,Q,R,-0.202,-1.0,29.6,-9.98,-10.21,170.6,184.05,0.797196262,0.694528302,-0.23,13.45,5.242,2.839
WFS1,L499F,benign,,406.155,405.569,0,3.8,2.8,166.7,189.9,82.3,Loop,890,True,True,L,F,-0.586,-1.0,23.2,-109.7,-114.1,44.63,53.58,0.233664921,0.235,-4.4,8.95,4.098,0.87
WFS1,D866N,benign,,403.125,405.666,1,-3.5,-3.5,111.1,114.1,66.68,Loop,890,True,False,D,N,2.541,0.0,3.0,-79.63,-92.65,101.8,94.71,0.544385027,0.506470588,-13.02,-7.09,6.115,1.105
WFS1,G76V,benign,,406.55,406.536,-3,-0.4,4.2,60.1,140.0,25.97,Loop,890,True,False,G,V,-0.014,4.6,79.9,0.01,-1.63,73.47,133.73,0.75742268,0.810484848,-1.64,60.26,3.942,2.494
WFS1,V779M,benign,,404.55,405.845,1,4.2,1.9,140.0,162.9,90.56,Loop,890,True,False,V,M,1.295,-2.3,22.9,0.0,0.0,0.0,0.0,0.0,0.0,0.0,0.0,4.828,1.337
