position,pathogenicity,predictions,variant,gene
4,0,0,L4Q,COL2A1
4,0,0,L4R,COL2A1
7,0,0,P7L,COL2A1
7,0,0,P7S,COL2A1
9,0,0,T9K,COL2A1
20,0,0,V20A,COL2A1
25,0,0,G25S,COL2A1
26,0,0,Q26A,COL2A1
26,0,0,Q26R,COL2A1
28,0,0,V28L,COL2A1
30,0,0,E30A,COL2A1
30,0,0,E30D,COL2A1
31,0,0,A31G,COL2A1
31,0,0,A31N,COL2A1
35,0,0,V35E,COL2A1
35,0,0,V35F,COL2A1
37,0,0,D37N,COL2A1
38,0,0,G38R,COL2A1
39,0,0,Q39E,COL2A1
39,0,0,Q39R,COL2A1
40,0,0,R40I,COL2A1
46,0,0,V46L,COL2A1
48,0,0,K48Q,COL2A1
51,0,1,P51A,COL2A1
52,0,0,C52A,COL2A1
59,0,0,T59E,COL2A1
61,0,1,T61F,COL2A1
71,0,0,D71E,COL2A1
72,0,1,V72K,COL2A1
72,0,0,V72P,COL2A1
75,0,0,C75A,COL2A1
76,0,0,L76R,COL2A1
77,0,0,S77Q,COL2A1
78,0,0,P78A,COL2A1
81,0,1,P81H,COL2A1
91,0,1,T91E,COL2A1
94,0,1,A94P,COL2A1
102,0,1,P102F,COL2A1
102,0,1,P102I,COL2A1
103,0,1,K103S,COL2A1
104,0,1,G104A,COL2A1
106,0,1,K106R,COL2A1
106,0,1,K106S,COL2A1
106,0,1,K106T,COL2A1
107,0,1,G107Y,COL2A1
108,0,1,E108A,COL2A1
112,0,0,I112L,COL2A1
113,0,0,K113R,COL2A1
113,0,0,K113S,COL2A1
128,0,0,A128V,COL2A1
142,0,0,E142A,COL2A1
142,0,0,E142Q,COL2A1
157,0,0,T157L,COL2A1
169,0,0,P169L,COL2A1
173,0,0,P173A,COL2A1
183,0,0,M183L,COL2A1
185,0,0,G185T,COL2A1
187,0,0,F187Y,COL2A1
226,0,0,N226T,COL2A1
245,0,0,P245T,COL2A1
247,0,0,P247S,COL2A1
263,0,0,A263P,COL2A1
307,0,0,V307A,COL2A1
374,0,0,K374S,COL2A1
395,0,0,P395S,COL2A1
466,0,0,E466D,COL2A1
536,0,0,S536A,COL2A1
536,0,0,S536V,COL2A1
539,0,0,A539V,COL2A1
580,0,0,A580I,COL2A1
580,0,0,A580V,COL2A1
614,0,0,P614A,COL2A1
647,0,0,A647E,COL2A1
677,0,0,G677S,COL2A1
686,0,0,P686T,COL2A1
697,0,0,P697S,COL2A1
712,0,0,A712P,COL2A1
712,0,0,A712S,COL2A1
718,0,0,P718G,COL2A1
737,0,0,A737D,COL2A1
737,0,0,A737V,COL2A1
761,0,0,A761T,COL2A1
827,0,0,T827A,COL2A1
850,0,0,E850D,COL2A1
853,0,0,E853V,COL2A1
854,0,0,A854S,COL2A1
859,0,0,D859N,COL2A1
865,0,0,P865S,COL2A1
867,0,0,G867S,COL2A1
872,0,0,P872L,COL2A1
873,0,0,G873P,COL2A1
931,0,0,A931V,COL2A1
935,0,0,S935G,COL2A1
959,0,1,P959A,COL2A1
962,0,0,D962E,COL2A1
967,0,0,A967L,COL2A1
1012,0,0,A1012S,COL2A1
1064,0,0,V1064L,COL2A1
1075,0,0,S1075A,COL2A1
1079,0,0,A1079S,COL2A1
1092,0,0,G1092S,COL2A1
1109,0,0,Q1109P,COL2A1
1124,0,0,P1124A,COL2A1
1247,0,0,G1247A,COL2A1
1247,0,0,G1247T,COL2A1
1268,0,0,S1268N,COL2A1
1293,0,0,W1293G,COL2A1
1294,0,0,K1294T,COL2A1
1295,0,0,S1295P,COL2A1
1295,0,0,S1295R,COL2A1
1317,0,0,M1317L,COL2A1
1338,0,0,S1338N,COL2A1
1340,0,1,K1340D,COL2A1
1341,0,0,S1341N,COL2A1
1341,0,0,S1341T,COL2A1
1343,0,0,E1343D,COL2A1
1345,0,0,K1345R,COL2A1
1368,0,0,P1368A,COL2A1
1386,0,0,S1386A,COL2A1
1394,0,0,K1394R,COL2A1
1397,0,0,I1397V,COL2A1
1404,0,0,A1404T,COL2A1
1413,0,0,I1413V,COL2A1
1449,0,0,V1449K,COL2A1
1454,0,0,S1454T,COL2A1
1474,0,0,E1474D,COL2A1
1474,0,0,E1474G,COL2A1
1480,0,0,D1480E,COL2A1
738,1,0,G738D,COL2A1
719,1,0,R719C,COL2A1
1485,1,0,C1485G,COL2A1
1276,1,0,R1276C,COL2A1
888,1,0,G888S,COL2A1
504,1,0,G504S,COL2A1
940,1,0,R940Q,COL2A1
1176,1,0,G1176V,COL2A1
1450,1,0,I1450T,COL2A1
771,1,0,G771V,COL2A1
318,1,0,G318R,COL2A1
465,1,0,G465S,COL2A1
222,1,1,G222V,COL2A1
546,1,1,G546S,COL2A1
453,1,1,G453A,COL2A1
144,1,0,G144V,COL2A1
1092,1,1,G1092S,COL2A1
1128,1,0,G1128V,COL2A1
921,1,1,G921R,COL2A1
855,1,0,G855V,COL2A1
492,1,1,G492V,COL2A1
750,1,1,G750V,COL2A1
381,1,1,G381D,COL2A1
678,1,1,G678R,COL2A1
667,1,1,L667F,COL2A1
408,1,1,G408D,COL2A1
453,1,1,G453V,COL2A1
1062,1,1,G1062C,COL2A1
381,1,1,G381R,COL2A1
345,1,1,G345D,COL2A1
444,1,1,G444D,COL2A1
903,1,1,G903S,COL2A1
1173,1,1,G1173R,COL2A1
1155,1,0,G1155V,COL2A1
1192,1,1,R1192C,COL2A1
396,1,1,G396V,COL2A1
561,1,1,G561S,COL2A1
1074,1,1,G1074S,COL2A1
1182,1,1,G1182D,COL2A1
1179,1,1,G1179R,COL2A1
145,1,1,A145V,COL2A1
267,1,1,G267D,COL2A1
690,1,1,G690R,COL2A1
483,1,1,G483R,COL2A1
219,1,1,G219E,COL2A1
654,1,0,G654S,COL2A1
984,1,1,G984R,COL2A1
1017,1,1,G1017V,COL2A1
1323,1,1,C1323W,COL2A1
519,1,1,G519S,COL2A1
372,1,1,G372R,COL2A1
1131,1,1,G1131A,COL2A1
516,1,1,G516D,COL2A1
780,1,1,G780R,COL2A1
348,1,1,G348D,COL2A1
759,1,1,G759S,COL2A1
774,1,1,G774S,COL2A1
831,1,1,G831R,COL2A1
1051,0,0,A1051T,COL2A1
1331,0,0,V1331I,COL2A1
952,0,0,P952T,COL2A1
1405,0,0,G1405S,COL2A1
9,0,0,T9S,COL2A1
2,0,0,I2P,COL2A1
6,0,0,A6T,COL2A1
7,0,0,P7A,COL2A1
8,0,0,Q8K,COL2A1
8,0,0,Q8P,COL2A1
8,0,0,Q8R,COL2A1
17,0,0,V17L,COL2A1
25,0,0,G25A,COL2A1
25,0,0,G25K,COL2A1
29,0,0,Q29D,COL2A1
33,0,1,S33N,COL2A1
35,0,0,V35L,COL2A1
35,0,0,V35M,COL2A1
37,0,0,D37S,COL2A1
40,0,0,R40S,COL2A1
50,0,0,E50S,COL2A1
53,0,0,R53K,COL2A1
61,0,0,T61A,COL2A1
68,0,0,I68V,COL2A1
72,0,0,V72M,COL2A1
75,0,0,C75I,COL2A1
75,0,0,C75V,COL2A1
77,0,0,S77N,COL2A1
77,0,0,S77R,COL2A1
80,0,0,I80T,COL2A1
80,0,1,I80V,COL2A1
92,0,1,D92E,COL2A1
95,0,1,T95P,COL2A1
99,0,1,Q99K,COL2A1
101,0,1,G101L,COL2A1
103,0,1,K103L,COL2A1
105,0,0,Q105R,COL2A1
107,0,1,G107A,COL2A1
109,0,1,P109C,COL2A1
110,0,1,G110D,COL2A1
111,0,0,D111R,COL2A1
114,0,0,D114G,COL2A1
115,0,0,I115V,COL2A1
116,0,0,V116K,COL2A1
119,0,0,K119Q,COL2A1
139,0,0,D139E,COL2A1
163,0,0,P163L,COL2A1
165,0,0,G165A,COL2A1
167,0,0,P167A,COL2A1
168,0,0,G168Y,COL2A1
173,0,0,P173H,COL2A1
173,0,0,P173S,COL2A1
176,0,0,G176I,COL2A1
176,0,0,G176T,COL2A1
217,0,0,A217S,COL2A1
245,0,0,P245A,COL2A1
245,0,0,P245S,COL2A1
260,0,0,P260A,COL2A1
268,0,0,P268L,COL2A1
311,0,0,S311N,COL2A1
317,0,0,N317S,COL2A1
388,0,0,A388G,COL2A1
391,0,0,P391A,COL2A1
455,0,0,T455A,COL2A1
460,0,0,I460V,COL2A1
474,0,0,G474D,COL2A1
503,0,0,I503V,COL2A1
517,0,0,F517V,COL2A1
536,0,0,S536N,COL2A1
544,0,0,A544P,COL2A1
548,0,0,P548N,COL2A1
575,0,0,V575L,COL2A1
595,0,0,A595T,COL2A1
623,0,0,P623A,COL2A1
650,0,0,A650S,COL2A1
673,0,0,P673A,COL2A1
680,0,0,P680A,COL2A1
736,0,0,P736S,COL2A1
737,0,0,A737T,COL2A1
761,0,0,A761S,COL2A1
784,0,0,G784A,COL2A1
784,0,0,G784V,COL2A1
808,0,0,P808L,COL2A1
812,0,0,A812T,COL2A1
830,0,0,P830W,COL2A1
831,0,0,G831T,COL2A1
833,0,0,A833C,COL2A1
836,0,0,A836S,COL2A1
839,0,0,P839Q,COL2A1
862,0,0,A862N,COL2A1
862,0,0,A862V,COL2A1
868,0,0,P868L,COL2A1
869,0,0,S869Q,COL2A1
913,0,0,N913S,COL2A1
917,0,0,P917T,COL2A1
937,0,0,P937S,COL2A1
938,0,0,P938S,COL2A1
962,0,0,D962S,COL2A1
964,0,0,P964A,COL2A1
1001,0,0,S1001T,COL2A1
1028,0,0,T1028S,COL2A1
1031,0,0,A1031S,COL2A1
1046,0,0,P1046S,COL2A1
1051,0,0,A1051V,COL2A1
1061,0,1,T1061A,COL2A1
1069,0,0,A1069T,COL2A1
1076,0,0,P1076S,COL2A1
1082,0,0,T1082V,COL2A1
1124,0,0,P1124Q,COL2A1
1153,0,0,A1153T,COL2A1
1204,0,0,N1204S,COL2A1
1228,0,0,P1228Q,COL2A1
1247,0,0,G1247D,COL2A1
1247,0,0,G1247N,COL2A1
1253,0,0,A1253E,COL2A1
1269,0,0,I1269L,COL2A1
1287,0,0,K1287Q,COL2A1
1293,0,0,W1293F,COL2A1
1295,0,0,S1295T,COL2A1
1301,0,0,D1301E,COL2A1
1321,0,0,E1321Q,COL2A1
1338,0,0,S1338G,COL2A1
1342,0,0,K1342Q,COL2A1
1344,0,0,K1344R,COL2A1
1345,0,0,K1345Q,COL2A1
1353,0,0,I1353V,COL2A1
1364,0,0,D1364S,COL2A1
1365,0,0,N1365H,COL2A1
1395,0,0,N1395D,COL2A1
1413,0,0,I1413L,COL2A1
1433,0,0,A1433V,COL2A1
1440,0,0,K1440R,COL2A1
1447,0,0,K1447N,COL2A1
1449,0,0,V1449T,COL2A1
1463,0,0,I1463M,COL2A1
1463,0,0,I1463V,COL2A1
1200,1,0,G1200D,COL2A1
546,1,0,G546V,COL2A1
717,1,0,G717S,COL2A1
504,1,0,G504C,COL2A1
405,1,0,G405D,COL2A1
870,1,0,G870E,COL2A1
1298,1,0,Y1298N,COL2A1
1008,1,0,G1008V,COL2A1
936,1,0,G936D,COL2A1
609,1,0,G609V,COL2A1
1448,1,1,T1448P,COL2A1
204,1,1,G204A,COL2A1
513,1,1,G513S,COL2A1
1379,1,1,R1379C,COL2A1
426,1,1,G426R,COL2A1
455,1,1,T455M,COL2A1
375,1,1,G375D,COL2A1
438,1,1,G438S,COL2A1
303,1,1,G303D,COL2A1
537,1,1,G537S,COL2A1
801,1,1,G801S,COL2A1
204,1,1,G204V,COL2A1
231,1,0,G231D,COL2A1
1170,1,1,G1170S,COL2A1
489,1,1,G489D,COL2A1
981,1,1,G981S,COL2A1
687,1,1,G687D,COL2A1
822,1,1,G822C,COL2A1
771,1,1,G771D,COL2A1
672,1,1,G672S,COL2A1
1036,1,1,R1036G,COL2A1
1128,1,1,G1128R,COL2A1
945,1,1,G945S,COL2A1
1089,1,1,G1089R,COL2A1
450,1,1,G450D,COL2A1
329,1,1,P329S,COL2A1
660,1,1,G660E,COL2A1
453,1,1,G453S,COL2A1
732,1,1,G732D,COL2A1
1119,1,0,G1119R,COL2A1
492,1,1,G492D,COL2A1
477,1,1,G477V,COL2A1
559,1,1,A559G,COL2A1
1068,1,1,G1068E,COL2A1
411,1,1,G411R,COL2A1
402,1,1,G402E,COL2A1
447,1,1,G447S,COL2A1
600,1,1,G600V,COL2A1
276,1,1,G276D,COL2A1
684,1,1,G684R,COL2A1
657,1,1,G657R,COL2A1
1469,1,1,D1469H,COL2A1
822,1,1,G822S,COL2A1
137,1,1,R137C,COL2A1
1176,1,1,G1176S,COL2A1
483,1,1,G483E,COL2A1
849,1,1,G849S,COL2A1
1443,0,0,G1443S,COL2A1
1,0,0,M1R,COL2A1
2,0,0,I2A,COL2A1
2,0,0,I2V,COL2A1
6,0,0,A6P,COL2A1
17,0,0,V17A,COL2A1
19,0,0,A19T,COL2A1
29,0,0,Q29E,COL2A1
30,0,0,E30K,COL2A1
31,0,1,A31T,COL2A1
31,0,0,A31V,COL2A1
33,0,0,S33G,COL2A1
37,0,0,D37E,COL2A1
37,0,0,D37G,COL2A1
39,0,0,Q39K,COL2A1
40,0,0,R40M,COL2A1
42,0,0,N42D,COL2A1
43,0,1,D43N,COL2A1
44,0,0,K44N,COL2A1
50,0,0,E50T,COL2A1
51,0,0,P51T,COL2A1
59,0,0,T59N,COL2A1
61,0,0,T61N,COL2A1
67,0,0,I67V,COL2A1
68,0,0,I68H,COL2A1
72,0,0,V72S,COL2A1
72,0,0,V72T,COL2A1
77,0,0,S77H,COL2A1
94,0,1,A94S,COL2A1
94,0,1,A94T,COL2A1
96,0,1,A96T,COL2A1
99,0,1,Q99P,COL2A1
99,0,1,Q99R,COL2A1
100,0,1,P100H,COL2A1
101,0,1,G101F,COL2A1
101,0,1,G101T,COL2A1
104,0,1,G104T,COL2A1
109,0,1,P109W,COL2A1
111,0,0,D111L,COL2A1
114,0,0,D114Q,COL2A1
119,0,0,K119R,COL2A1
145,0,0,A145P,COL2A1
145,0,0,A145T,COL2A1
146,0,0,P146S,COL2A1
160,0,0,N160L,COL2A1
169,0,0,P169H,COL2A1
169,0,0,P169R,COL2A1
171,0,0,G171F,COL2A1
176,0,0,G176S,COL2A1
188,0,0,D188E,COL2A1
189,0,0,E189D,COL2A1
236,0,0,S236A,COL2A1
305,0,0,P305T,COL2A1
313,0,0,S313A,COL2A1
314,0,0,P314A,COL2A1
319,0,0,S319A,COL2A1
360,0,0,G360S,COL2A1
404,0,0,A404V,COL2A1
412,0,0,T412A,COL2A1
418,0,0,A418P,COL2A1
476,0,0,A476T,COL2A1
493,0,0,A493G,COL2A1
503,0,0,I503A,COL2A1
539,0,0,A539T,COL2A1
548,0,0,P548T,COL2A1
575,0,0,V575I,COL2A1
580,0,0,A580T,COL2A1
611,0,0,N611S,COL2A1
646,0,0,P646K,COL2A1
647,0,0,A647T,COL2A1
680,0,0,P680Q,COL2A1
686,0,0,P686S,COL2A1
727,0,0,T727N,COL2A1
730,0,0,P730S,COL2A1
731,0,0,K731T,COL2A1
734,0,1,S734P,COL2A1
736,0,0,P736A,COL2A1
740,0,0,P740T,COL2A1
806,0,0,V806A,COL2A1
806,0,0,V806I,COL2A1
832,0,0,P832S,COL2A1
834,0,0,G834T,COL2A1
835,0,0,F835I,COL2A1
869,0,0,S869T,COL2A1
871,0,0,A871S,COL2A1
915,0,0,G915T,COL2A1
920,0,0,P920H,COL2A1
926,0,0,D926E,COL2A1
937,0,0,P937A,COL2A1
938,0,0,P938A,COL2A1
955,0,0,E955D,COL2A1
955,0,0,E955L,COL2A1
965,0,1,S965A,COL2A1
967,0,0,A967P,COL2A1
967,0,0,A967S,COL2A1
967,0,0,A967V,COL2A1
968,0,0,E968D,COL2A1
1039,0,1,S1039T,COL2A1
1072,0,0,P1072S,COL2A1
1100,0,0,S1100A,COL2A1
1108,0,0,I1108M,COL2A1
1109,0,0,Q1109A,COL2A1
1148,0,0,S1148A,COL2A1
1169,0,0,V1169I,COL2A1
1204,0,1,N1204K,COL2A1
1204,0,0,N1204T,COL2A1
1228,0,0,P1228A,COL2A1
1228,0,0,P1228G,COL2A1
1244,0,0,A1244P,COL2A1
1290,0,0,H1290L,COL2A1
1292,0,0,E1292A,COL2A1
1327,0,0,N1327S,COL2A1
1329,0,0,A1329V,COL2A1
1330,0,0,N1330T,COL2A1
1344,0,0,K1344Q,COL2A1
1347,0,0,I1347V,COL2A1
1353,0,0,I1353M,COL2A1
1364,0,0,D1364G,COL2A1
1373,0,0,V1373I,COL2A1
1404,0,0,A1404S,COL2A1
1406,0,0,N1406H,COL2A1
1408,0,0,K1408R,COL2A1
1421,0,1,I1421M,COL2A1
1432,0,0,T1432S,COL2A1
1433,0,0,A1433T,COL2A1
1462,0,0,I1462V,COL2A1
1463,0,0,I1463T,COL2A1
1465,0,0,I1465F,COL2A1
1468,0,0,M1468V,COL2A1
1473,0,0,P1473A,COL2A1
1479,0,0,V1479A,COL2A1
1484,0,0,V1484A,COL2A1
846,1,0,G846E,COL2A1
384,1,0,G384S,COL2A1
315,1,0,G315V,COL2A1
1101,1,0,G1101R,COL2A1
495,1,0,G495E,COL2A1
504,1,1,G504A,COL2A1
1086,1,0,G1086V,COL2A1
1028,1,0,T1028M,COL2A1
1110,1,1,G1110S,COL2A1
711,1,1,G711R,COL2A1
282,1,1,G282D,COL2A1
684,1,1,G684V,COL2A1
966,1,1,G966A,COL2A1
759,1,1,G759D,COL2A1
369,1,1,G369D,COL2A1
948,1,1,G948D,COL2A1
369,1,1,G369R,COL2A1
672,1,0,G672C,COL2A1
992,1,1,R992G,COL2A1
861,1,1,G861D,COL2A1
873,1,1,G873W,COL2A1
1158,1,1,G1158A,COL2A1
744,1,1,G744S,COL2A1
1140,1,1,G1140D,COL2A1
813,1,1,G813R,COL2A1
1083,1,1,G1083D,COL2A1
522,1,1,G522V,COL2A1
726,1,1,G726D,COL2A1
846,1,1,G846R,COL2A1
270,1,1,G270R,COL2A1
986,1,1,P986L,COL2A1
894,1,1,G894E,COL2A1
57,1,1,C57Y,COL2A1
989,1,1,R989C,COL2A1
516,1,1,G516S,COL2A1
240,1,1,G240C,COL2A1
1399,1,1,Y1399C,COL2A1
207,1,1,G207R,COL2A1
1062,1,1,G1062A,COL2A1
753,1,1,G753D,COL2A1
474,1,1,G474S,COL2A1
275,1,1,R275C,COL2A1
1041,1,1,G1041S,COL2A1
804,1,1,G804A,COL2A1
1285,1,1,D1285Y,COL2A1
550,1,1,R550C,COL2A1
1188,1,1,G1188R,COL2A1
458,1,1,P458L,COL2A1
219,1,0,G219R,COL2A1
462,1,1,G462V,COL2A1
327,1,1,G327D,COL2A1
1053,1,1,G1053V,COL2A1
1143,1,1,G1143S,COL2A1
687,1,1,G687S,COL2A1
904,1,1,R904C,COL2A1
498,1,1,G498V,COL2A1
822,1,1,G822D,COL2A1
638,0,0,T638I,COL2A1
2,0,0,I2L,COL2A1
2,0,0,I2T,COL2A1
3,0,0,R3L,COL2A1
5,0,0,G5R,COL2A1
9,0,0,T9M,COL2A1
10,0,0,L10W,COL2A1
17,0,0,V17I,COL2A1
28,0,0,V28I,COL2A1
29,0,0,Q29I,COL2A1
30,0,0,E30Q,COL2A1
31,0,0,A31E,COL2A1
42,0,0,N42K,COL2A1
47,0,0,W47R,COL2A1
59,0,0,T59D,COL2A1
62,0,0,V62I,COL2A1
79,0,0,E79H,COL2A1
88,0,1,I88V,COL2A1
91,0,1,T91A,COL2A1
93,0,1,L93R,COL2A1
97,0,1,S97G,COL2A1
98,0,0,G98S,COL2A1
99,0,1,Q99N,COL2A1
100,0,1,P100S,COL2A1
100,0,1,P100W,COL2A1
104,0,1,G104L,COL2A1
104,0,1,G104W,COL2A1
105,0,1,Q105A,COL2A1
105,0,1,Q105E,COL2A1
106,0,1,K106P,COL2A1
108,0,1,E108P,COL2A1
110,0,0,G110S,COL2A1
111,0,0,D111S,COL2A1
112,0,0,I112A,COL2A1
112,0,0,I112V,COL2A1
113,0,0,K113L,COL2A1
116,0,0,V116M,COL2A1
164,0,0,P164A,COL2A1
186,0,0,G186A,COL2A1
196,0,0,L196M,COL2A1
248,0,0,P248A,COL2A1
298,0,0,A298V,COL2A1
335,0,0,T335A,COL2A1
374,0,0,K374R,COL2A1
397,0,0,T397N,COL2A1
455,0,0,T455M,COL2A1
473,0,0,P473L,COL2A1
541,0,0,P541R,COL2A1
547,0,0,D547E,COL2A1
580,0,0,A580P,COL2A1
617,0,0,A617G,COL2A1
655,0,0,E655K,COL2A1
673,0,0,P673T,COL2A1
682,0,0,D682E,COL2A1
685,0,0,V685L,COL2A1
709,0,0,S709A,COL2A1
709,0,0,S709N,COL2A1
709,0,0,S709T,COL2A1
737,0,0,A737G,COL2A1
812,0,0,A812S,COL2A1
814,0,0,S814T,COL2A1
827,0,0,T827I,COL2A1
831,0,0,G831L,COL2A1
833,0,0,A833R,COL2A1
835,0,0,F835Y,COL2A1
838,0,0,P838H,COL2A1
847,0,0,A847I,COL2A1
852,0,0,G852K,COL2A1
860,0,1,A860S,COL2A1
862,0,0,A862P,COL2A1
864,0,0,G864Q,COL2A1
865,0,0,P865A,COL2A1
865,0,0,P865E,COL2A1
865,0,0,P865L,COL2A1
866,0,0,Q866L,COL2A1
870,0,0,G870V,COL2A1
874,0,0,P874S,COL2A1
886,0,0,A886S,COL2A1
910,0,0,S910A,COL2A1
917,0,0,P917A,COL2A1
919,0,0,P919V,COL2A1
935,0,0,S935I,COL2A1
935,0,1,S935T,COL2A1
944,0,0,P944T,COL2A1
950,0,0,A950S,COL2A1
952,0,1,P952A,COL2A1
953,0,0,P953S,COL2A1
965,0,1,S965P,COL2A1
1001,0,0,S1001W,COL2A1
1034,0,0,P1034T,COL2A1
1051,0,1,A1051T,COL2A1
1064,0,0,V1064A,COL2A1
1066,0,0,A1066G,COL2A1
1067,0,0,P1067S,COL2A1
1069,0,0,A1069S,COL2A1
1082,0,1,T1082I,COL2A1
1091,0,1,A1091S,COL2A1
1091,0,0,A1091T,COL2A1
1095,0,0,G1095A,COL2A1
1120,0,0,E1120D,COL2A1
1121,0,1,A1121S,COL2A1
1121,0,0,A1121T,COL2A1
1154,0,0,S1154A,COL2A1
1177,0,0,A1177S,COL2A1
1243,0,0,Q1243E,COL2A1
1245,0,0,A1245D,COL2A1
1247,0,0,G1247S,COL2A1
1273,0,0,E1273D,COL2A1
1295,0,0,S1295A,COL2A1
1295,0,0,S1295G,COL2A1
1327,0,0,N1327R,COL2A1
1330,0,0,N1330S,COL2A1
1333,0,0,K1333R,COL2A1
1339,0,0,S1339T,COL2A1
1341,0,0,S1341G,COL2A1
1343,0,1,E1343K,COL2A1
1354,0,0,N1354H,COL2A1
1354,0,0,N1354S,COL2A1
1365,0,0,N1365T,COL2A1
1367,0,0,A1367P,COL2A1
1400,0,0,L1400M,COL2A1
1403,0,0,A1403T,COL2A1
1403,0,0,A1403V,COL2A1
1435,0,0,K1435Q,COL2A1
1437,0,0,G1437D,COL2A1
1447,0,0,K1447Q,COL2A1
1449,0,0,V1449I,COL2A1
1449,0,0,V1449L,COL2A1
1463,0,0,I1463L,COL2A1
1466,0,0,A1466S,COL2A1
1468,0,0,M1468L,COL2A1
1481,0,0,I1481L,COL2A1
768,1,0,G768D,COL2A1
543,1,0,G543E,COL2A1
1173,1,0,G1173V,COL2A1
246,1,0,G246R,COL2A1
1140,1,0,G1140A,COL2A1
1158,1,0,G1158S,COL2A1
340,1,0,A340T,COL2A1
459,1,0,G459D,COL2A1
705,1,0,G705S,COL2A1
565,1,0,R565C,COL2A1
450,1,0,G450A,COL2A1
873,1,0,G873R,COL2A1
764,1,0,K764E,COL2A1
1122,1,0,G1122R,COL2A1
1305,1,0,G1305D,COL2A1
437,1,1,R437W,COL2A1
309,1,1,G309V,COL2A1
606,1,1,G606R,COL2A1
1152,1,1,G1152R,COL2A1
510,1,0,G510D,COL2A1
354,1,1,G354R,COL2A1
831,1,1,G831V,COL2A1
444,1,1,G444S,COL2A1
459,1,1,G459R,COL2A1
717,1,0,G717V,COL2A1
375,1,1,G375R,COL2A1
1200,1,1,G1200C,COL2A1
591,1,1,G591D,COL2A1
687,1,1,G687R,COL2A1
909,1,1,G909C,COL2A1
1113,1,1,G1113C,COL2A1
434,1,1,P434S,COL2A1
849,1,1,G849D,COL2A1
603,1,1,G603V,COL2A1
1065,1,1,G1065V,COL2A1
1238,1,1,Y1238C,COL2A1
1152,1,1,G1152D,COL2A1
423,1,1,G423D,COL2A1
133,1,0,P133H,COL2A1
1197,1,1,G1197S,COL2A1
462,1,1,G462D,COL2A1
969,1,1,G969V,COL2A1
867,1,1,G867D,COL2A1
1188,1,1,G1188D,COL2A1
1200,1,0,G1200S,COL2A1
351,1,1,G351V,COL2A1
1133,1,1,R1133C,COL2A1
1095,1,1,G1095S,COL2A1
771,1,1,G771A,COL2A1
302,1,1,A302V,COL2A1
552,1,1,G552R,COL2A1
537,1,0,G537D,COL2A1
942,1,1,G942D,COL2A1
456,1,1,G456R,COL2A1
600,1,1,G600D,COL2A1
1219,1,1,D1219H,COL2A1
909,1,0,G909S,COL2A1
478,0,1,P478L,COL2A1
142,0,0,E142D,COL2A1
3,0,0,R3A,COL2A1
4,0,0,L4F,COL2A1
14,0,0,T14S,COL2A1
22,0,0,R22Q,COL2A1
24,0,0,Q24E,COL2A1
24,0,0,Q24H,COL2A1
26,0,0,Q26L,COL2A1
27,0,0,D27E,COL2A1
28,0,0,V28A,COL2A1
29,0,0,Q29V,COL2A1
31,0,0,A31H,COL2A1
31,0,0,A31P,COL2A1
32,0,0,G32R,COL2A1
37,0,0,D37A,COL2A1
39,0,0,Q39N,COL2A1
40,0,0,R40W,COL2A1
51,0,0,P51S,COL2A1
53,0,0,R53Q,COL2A1
54,0,0,I54V,COL2A1
59,0,0,T59S,COL2A1
68,0,0,I68F,COL2A1
72,0,0,V72A,COL2A1
74,0,0,D74N,COL2A1
77,0,0,S77D,COL2A1
77,0,0,S77K,COL2A1
77,0,0,S77P,COL2A1
78,0,0,P78L,COL2A1
78,0,0,P78S,COL2A1
78,0,0,P78T,COL2A1
90,0,1,P90S,COL2A1
99,0,1,Q99H,COL2A1
100,0,1,P100K,COL2A1
100,0,1,P100L,COL2A1
102,0,1,P102L,COL2A1
103,0,0,K103Q,COL2A1
103,0,1,K103R,COL2A1
105,0,1,Q105N,COL2A1
107,0,1,G107P,COL2A1
107,0,0,G107S,COL2A1
108,0,1,E108S,COL2A1
113,0,0,K113A,COL2A1
116,0,0,V116I,COL2A1
116,0,0,V116T,COL2A1
134,0,0,R134K,COL2A1
145,0,0,A145V,COL2A1
170,0,0,P170A,COL2A1
172,0,0,P172T,COL2A1
173,0,0,P173K,COL2A1
185,0,0,G185S,COL2A1
239,0,0,M239L,COL2A1
247,0,0,P247L,COL2A1
251,0,0,P251A,COL2A1
263,0,0,A263S,COL2A1
314,0,0,P314S,COL2A1
340,0,0,A340T,COL2A1
341,0,0,A341V,COL2A1
391,0,0,P391S,COL2A1
395,0,0,P395A,COL2A1
397,0,0,T397S,COL2A1
407,0,0,S407A,COL2A1
412,0,0,T412S,COL2A1
473,0,0,P473T,COL2A1
500,0,0,V500A,COL2A1
503,0,0,I503F,COL2A1
530,0,0,P530L,COL2A1
536,0,0,S536T,COL2A1
548,0,0,P548I,COL2A1
554,0,0,P554A,COL2A1
581,0,0,P581A,COL2A1
647,0,0,A647S,COL2A1
670,0,0,P670T,COL2A1
674,0,0,P674A,COL2A1
677,0,0,G677A,COL2A1
685,0,0,V685I,COL2A1
712,0,0,A712T,COL2A1
718,0,1,P718A,COL2A1
718,0,0,P718S,COL2A1
734,0,0,S734A,COL2A1
787,0,0,L787M,COL2A1
809,0,0,P809A,COL2A1
814,0,1,S814A,COL2A1
815,0,0,A815T,COL2A1
826,0,0,E826Q,COL2A1
837,0,0,G837A,COL2A1
847,0,0,A847P,COL2A1
856,0,0,Q856H,COL2A1
862,0,0,A862S,COL2A1
871,0,0,A871R,COL2A1
914,0,0,P914A,COL2A1
923,0,0,S923A,COL2A1
931,0,0,A931S,COL2A1
938,0,0,P938Q,COL2A1
943,0,0,E943D,COL2A1
952,0,0,P952S,COL2A1
958,0,0,E958D,COL2A1
961,0,0,D961E,COL2A1
1057,0,0,D1057E,COL2A1
1060,0,0,E1060D,COL2A1
1063,0,0,A1063P,COL2A1
1072,0,0,P1072A,COL2A1
1079,0,0,A1079T,COL2A1
1087,0,0,D1087E,COL2A1
1108,0,0,I1108L,COL2A1
1129,0,0,L1129V,COL2A1
1199,0,0,A1199V,COL2A1
1236,0,0,L1236M,COL2A1
1240,0,0,R1240Q,COL2A1
1245,0,1,A1245G,COL2A1
1246,0,0,G1246D,COL2A1
1246,0,0,G1246S,COL2A1
1250,0,0,Q1250P,COL2A1
1253,0,0,A1253V,COL2A1
1254,0,0,E1254D,COL2A1
1256,0,0,D1256E,COL2A1
1284,0,0,R1284Q,COL2A1
1292,0,0,E1292D,COL2A1
1293,0,0,W1293R,COL2A1
1294,0,0,K1294P,COL2A1
1318,0,0,E1318D,COL2A1
1340,0,0,K1340R,COL2A1
1360,0,0,S1360G,COL2A1
1365,0,0,N1365S,COL2A1
1372,0,0,N1372S,COL2A1
1386,0,0,S1386F,COL2A1
1389,0,0,I1389V,COL2A1
1406,0,0,N1406S,COL2A1
1432,0,0,T1432N,COL2A1
1435,0,0,K1435M,COL2A1
1435,0,0,K1435R,COL2A1
1446,0,0,G1446D,COL2A1
1447,0,0,K1447E,COL2A1
1449,0,0,V1449M,COL2A1
447,1,0,G447A,COL2A1
465,1,0,G465A,COL2A1
1391,1,0,Y1391C,COL2A1
429,1,0,G429D,COL2A1
207,1,0,G207E,COL2A1
642,1,0,G642R,COL2A1
1110,1,0,G1110C,COL2A1
25,1,0,G25A,COL2A1
1089,1,0,G1089V,COL2A1
1053,1,0,G1053E,COL2A1
210,1,0,G210E,COL2A1
378,1,1,G378D,COL2A1
339,1,1,G339D,COL2A1
1469,1,1,D1469Y,COL2A1
630,1,1,G630S,COL2A1
333,1,1,G333E,COL2A1
1098,1,1,G1098E,COL2A1
678,1,0,G678E,COL2A1
377,1,1,A377T,COL2A1
582,1,1,G582S,COL2A1
437,1,1,R437P,COL2A1
1390,1,1,T1390N,COL2A1
420,1,1,G420E,COL2A1
468,1,1,G468V,COL2A1
393,1,1,G393S,COL2A1
702,1,1,G702S,COL2A1
594,1,1,G594E,COL2A1
795,1,0,G795R,COL2A1
348,1,1,G348V,COL2A1
213,1,1,G213D,COL2A1
515,1,1,R515C,COL2A1
969,1,1,G969S,COL2A1
1439,1,1,T1439M,COL2A1
675,1,1,G675D,COL2A1
181,1,1,A181P,COL2A1
1143,1,1,G1143C,COL2A1
918,1,1,G918C,COL2A1
873,1,1,G873E,COL2A1
861,1,0,G861V,COL2A1
1164,1,1,G1164C,COL2A1
912,1,1,G912D,COL2A1
624,1,1,G624D,COL2A1
501,1,1,G501R,COL2A1
507,1,1,G507R,COL2A1
891,1,1,G891R,COL2A1
399,1,1,G399V,COL2A1
456,1,1,G456A,COL2A1
1149,1,1,G1149V,COL2A1
213,1,1,G213V,COL2A1
1383,1,1,T1383M,COL2A1
870,1,1,G870V,COL2A1
1164,1,1,G1164S,COL2A1
642,1,1,G642V,COL2A1
672,1,1,G672A,COL2A1
240,1,1,G240D,COL2A1
1386,1,0,S1386Y,COL2A1
441,1,1,G441C,COL2A1
550,0,1,R550L,COL2A1
